l3_id,l2_id,l1_code,l3_slug,focus_keyword,title_ko,search_intent,topic_angle,description,model,generated_at,tier,quality_score,drop_reason,pilot_phase,l1_name_ko,l2_name_ko,seo_priority,pick_rank
11-travel-essentials-domestic-travel-essentials,11-travel-essentials,11,domestic-travel-essentials,국내 여행 필수 준비물,국내 여행 필수 준비물 체크리스트와 필수템,checklist,start,국내 여행에 꼭 필요한 준비물 목록과 추천템,mistralai/mistral-nemotron,2026-06-02T02:14:18.684529+00:00,publish,96,,1,여행,여행준비물,S,1
11-travel-essentials-long-trip-essentials,11-travel-essentials,11,long-trip-essentials,장기 여행 준비물,장기 여행 준비물 체크리스트와 팁,checklist,start,장기 여행에 필요한 준비물과 추천 아이템,mistralai/mistral-nemotron,2026-06-02T02:14:18.684529+00:00,publish,96,,1,여행,여행준비물,S,2
11-travel-essentials-overseas-travel-essentials,11-travel-essentials,11,overseas-travel-essentials,해외 여행 필수품,해외 여행 필수품 체크리스트와 팁,checklist,start,해외 여행 시 준비해야 할 필수품 목록과 유용한 팁,mistralai/mistral-nemotron,2026-06-02T02:14:18.684529+00:00,publish,96,,1,여행,여행준비물,S,3
11-travel-essentials-short-trip-essentials,11-travel-essentials,11,short-trip-essentials,단기 여행 준비물,단기 여행 준비물 체크리스트와 필수템,checklist,start,단기 여행에 필요한 준비물과 추천 아이템,mistralai/mistral-nemotron,2026-06-02T02:14:18.684529+00:00,publish,96,,1,여행,여행준비물,S,4
11-travel-essentials-summer-travel-essentials,11-travel-essentials,11,summer-travel-essentials,여름 여행 준비물,여름 여행 준비물 체크리스트와 필수 아이템,checklist,start,여름 여행에 필요한 준비물과 추천 아이템,mistralai/mistral-nemotron,2026-06-02T02:14:18.684529+00:00,publish,96,,1,여행,여행준비물,S,5
11-travel-essentials-travel-medicine-essentials,11-travel-essentials,11,travel-medicine-essentials,여행용 의약품 준비 물품,여행용 의약품 준비 물품과 팁,checklist,start,여행용 의약품 준비 물품과 유용한 팁,mistralai/mistral-nemotron,2026-06-02T02:14:18.684529+00:00,publish,96,,1,여행,여행준비물,S,6
11-travel-essentials-winter-travel-essentials,11-travel-essentials,11,winter-travel-essentials,겨울 여행 준비물,겨울 여행 준비물 체크리스트와 팁,checklist,start,겨울 여행에 필요한 준비물과 추천 아이템,mistralai/mistral-nemotron,2026-06-02T02:14:18.684529+00:00,publish,96,,1,여행,여행준비물,S,7
11-travel-essentials-overseas-travel-insurance,11-travel-essentials,11,overseas-travel-insurance,해외 여행 보험 신청 방법,해외 여행 보험 신청 방법과 추천 보험사,howto,howto,해외 여행 보험 신청 방법과 추천 보험사 비교,mistralai/mistral-nemotron,2026-06-02T02:14:18.684529+00:00,publish,92,,1,여행,여행준비물,S,8
11-travel-essentials-travel-cable-recommend,11-travel-essentials,11,travel-cable-recommend,여행용 휴대용 전선 추천,여행용 휴대용 전선 추천과 팩킹 팁,compare,tip,여행용 휴대용 전선 추천과 팩킹 팁,mistralai/mistral-nemotron,2026-06-02T02:14:18.684529+00:00,publish,92,,1,여행,여행준비물,S,9
11-travel-essentials-travel-food-packing-tips,11-travel-essentials,11,travel-food-packing-tips,여행용 간편 식품 포장 팁,여행용 간편 식품 포장 팁과 추천 상품,howto,tip,여행 중 간편하게 먹을 수 있는 음식 포장 팁,mistralai/mistral-nemotron,2026-06-02T02:14:18.684529+00:00,publish,92,,1,여행,여행준비물,S,10
11-travel-essentials-travel-makeup-packing,11-travel-essentials,11,travel-makeup-packing,여행용 화장품 포장 팁,여행용 화장품 포장 팁과 추천 용품,howto,tip,여행용 화장품 포장 팁과 추천 용품,mistralai/mistral-nemotron,2026-06-02T02:14:18.684529+00:00,publish,92,,1,여행,여행준비물,S,11
11-travel-essentials-travel-portable-charger,11-travel-essentials,11,travel-portable-charger,여행용 휴대용 채충기 추천,여행용 휴대용 충전기 추천과 사용법,compare,howto,여행 중 휴대폰과 기기 충전을 위한 제품 추천,mistralai/mistral-nemotron,2026-06-02T02:14:18.684529+00:00,publish,92,,1,여행,여행준비물,S,12
11-travel-essentials-travel-power-right-recommend,11-travel-essentials,11,travel-power-right-recommend,여행용 휴대용 전원 우측 추천,여행용 휴대용 전원 우측 추천과 팩킹 팁,compare,tip,여행용 휴대용 전원 우측 추천과 팩킹 팁,mistralai/mistral-nemotron,2026-06-02T02:14:18.684529+00:00,publish,92,,1,여행,여행준비물,S,13
11-travel-essentials-travel-simple-portable-charger,11-travel-essentials,11,travel-simple-portable-charger,여행용 간편 휴대용 충전기 추천,여행용 간편 휴대용 충전기 추천과 사용법,compare,howto,여행 중 간편하게 사용할 수 있는 휴대용 충전기 추천,mistralai/mistral-nemotron,2026-06-02T02:14:18.684529+00:00,publish,92,,1,여행,여행준비물,S,14
11-travel-essentials-travel-simple-toiletries,11-travel-essentials,11,travel-simple-toiletries,여행용 간편 세면도구 추천,여행용 간편 세면도구 추천과 수납 팁,compare,howto,여행 중 간편하게 사용할 수 있는 세면도구 추천,mistralai/mistral-nemotron,2026-06-02T02:14:18.684529+00:00,publish,92,,1,여행,여행준비물,S,15
11-accommodation-recommendations-family-pension-donghaean,11-accommodation-recommendations,11,family-pension-donghaean,강릉 동해안 펜션 가족 여행,강릉 동해안 펜션 가족 여행 추천과 예약 팁,howto,tip,가족과 함께 강릉 동해안 펜션을 예약하는 방법을 안내합니다.,mistralai/mistral-nemotron,2026-06-02T02:14:18.684529+00:00,publish,96,,1,여행,숙소추천,S,1
11-accommodation-recommendations-family-vacation-pension-baekseok,11-accommodation-recommendations,11,family-vacation-pension-baekseok,용인 백석동 펜션 가족 휴가,용인 백석동 펜션 가족 휴가 추천과 백석동 관광코스,howto,tip,백석동 펜션과 가족 휴가 코스를 안내합니다.,mistralai/mistral-nemotron,2026-06-02T02:14:18.684529+00:00,publish,96,,1,여행,숙소추천,S,2
11-accommodation-recommendations-pension-masan-nearby,11-accommodation-recommendations,11,pension-masan-nearby,창원 마산 인근 펜션,창원 마산 인근 펜션과 해안도로 드라이브 코스,howto,howto,마산 인근 펜션과 해안도로 드라이브 코스를 소개합니다.,mistralai/mistral-nemotron,2026-06-02T02:14:18.684529+00:00,publish,96,,1,여행,숙소추천,S,3
11-accommodation-recommendations-beachview-hotel-haeundae,11-accommodation-recommendations,11,beachview-hotel-haeundae,부산 해운대 호텔 해변뷰,부산 해운대 해변뷰 호텔과 성수기 예약 팁,review,review,해운대 해변을 보는 호텔을 비교하고 예약 팁을 제공합니다.,mistralai/mistral-nemotron,2026-06-02T02:14:18.684529+00:00,publish,90,,1,여행,숙소추천,S,4
11-accommodation-recommendations-busan-haeundae-beach-pension,11-accommodation-recommendations,11,busan-haeundae-beach-pension,부산 해운대 해수욕장 근처 펜션,부산 해운대 해수욕장 근처 펜션 추천과 예약 팁,review,local,해운대 해변가 펜션 리뷰와 주차·시설 활용법,mistralai/mistral-nemotron,2026-06-02T02:14:18.684529+00:00,publish,90,,1,여행,숙소추천,S,5
11-accommodation-recommendations-cheap-motel-hongdae,11-accommodation-recommendations,11,cheap-motel-hongdae,서울 홍대 근처 저렴한 모텔,서울 홍대 근처 저렴한 모텔 추천과 실용 팁,info,local,서울 홍대 근처에서 예산에 맞는 모텔을 찾는 방법을 소개합니다.,mistralai/mistral-nemotron,2026-06-02T02:14:18.684529+00:00,publish,90,,1,여행,숙소추천,S,6
11-accommodation-recommendations-goyang-ilsan-budget-stay,11-accommodation-recommendations,11,goyang-ilsan-budget-stay,고양 일산 신월동 근처 저렴한 숙소,고양 일산 신월동 근처 저렴한 숙소 추천과 예약 팁,review,local,신월동 근처 숙소 리뷰와 교통·주차 정보,mistralai/mistral-nemotron,2026-06-02T02:14:18.684529+00:00,publish,90,,1,여행,숙소추천,S,7
11-accommodation-recommendations-seoul-itaewon-club-stay,11-accommodation-recommendations,11,seoul-itaewon-club-stay,서울 이태원 클럽 근처 숙소,서울 이태원 클럽 근처 숙소 추천과 주의사항,review,local,이태원 클럽 근처 숙소 리뷰와 주차·소리문제 대처법,mistralai/mistral-nemotron,2026-06-02T02:14:18.684529+00:00,publish,90,,1,여행,숙소추천,S,8
11-accommodation-recommendations-ulsan-oseokdanji-budget-stay,11-accommodation-recommendations,11,ulsan-oseokdanji-budget-stay,울산 오색단지 근처 저렴한 숙소,울산 오색단지 근처 저렴한 숙소 추천과 예약 팁,review,local,오색단지 근처 숙소 리뷰와 교통·주차 정보,mistralai/mistral-nemotron,2026-06-02T02:14:18.684529+00:00,publish,90,,1,여행,숙소추천,S,9
11-accommodation-recommendations-jeju-dongbaeksan-budget-stay,11-accommodation-recommendations,11,jeju-dongbaeksan-budget-stay,제주도 동백산 근처 가성비 숙소,제주도 동백산 근처 가성비 숙소 추천과 비교,compare,local,동백산 근처 저렴한 숙소 비교와 교통 접근성,mistralai/mistral-nemotron,2026-06-02T02:14:18.684529+00:00,publish,84,,1,여행,숙소추천,S,10
11-accommodation-recommendations-hallasan-hiking-lodging,11-accommodation-recommendations,11,hallasan-hiking-lodging,제주 한라산 등반 숙소 추천,제주 한라산 등반 전용 숙소와 준비사항,howto,howto,한라산 등반을 위해 제주도에서 적합한 숙소와 준비물을 안내합니다.,mistralai/mistral-nemotron,2026-06-02T02:14:18.684529+00:00,publish,80,,1,여행,숙소추천,S,11
11-accommodation-recommendations-anyang-manan-cheap-motel,11-accommodation-recommendations,11,anyang-manan-cheap-motel,안양 만안구 저렴한 모텔,안양 만안구에서 저렴한 모텔 5곳 (1만원대),review,local,안양 만안구 저렴한 모텔 정보,mistralai/mistral-nemotron,2026-06-02T02:14:18.684529+00:00,publish,78,,1,여행,숙소추천,S,12
11-accommodation-recommendations-changwon-masan-cheap-hotel,11-accommodation-recommendations,11,changwon-masan-cheap-hotel,창원 마산 인근 저렴한 호텔,창원 마산 인근에서 저렴한 호텔 5곳,review,local,창원 마산 인근 저렴한 호텔 정보,mistralai/mistral-nemotron,2026-06-02T02:14:18.684529+00:00,publish,78,,1,여행,숙소추천,S,13
11-accommodation-recommendations-cheap-accommodation-sinwoldong,11-accommodation-recommendations,11,cheap-accommodation-sinwoldong,고양 일산 신월동 근방 저렴한 숙소,고양 일산 신월동 근방 저렴한 숙소와 일산 신도시 관광,info,local,일산 신월동 근처 저렴한 숙소와 일산 신도시 관광지를 소개합니다.,mistralai/mistral-nemotron,2026-06-02T02:14:18.684529+00:00,publish,78,,1,여행,숙소추천,S,14
11-accommodation-recommendations-cheap-guesthouse-dalseogu,11-accommodation-recommendations,11,cheap-guesthouse-dalseogu,대구 달서구 저렴한 게스트하우스,대구 달서구 저렴한 게스트하우스와 교통 편의성,info,local,대구 달서구에서 예산에 맞는 게스트하우스와 교통 정보를 안내합니다.,mistralai/mistral-nemotron,2026-06-02T02:14:18.684529+00:00,publish,78,,1,여행,숙소추천,S,15
11-domestic-travel-check-korean-beach-weather,11-domestic-travel,11,check-korean-beach-weather,한국 해수욕장 날씨 확인,한국 해수욕장 날씨 확인 방법,howto,tip,한국 해수욕장의 날씨를 확인하는 방법,mistralai/mistral-nemotron,2026-06-02T02:14:18.684529+00:00,publish,96,,1,여행,국내여행,S,1
11-domestic-travel-korean-coastal-bike-travel,11-domestic-travel,11,korean-coastal-bike-travel,한국 해안가 자전거 여행,한국 해안가 자전거 여행 코스와 준비물,howto,howto,한국 해안가를 자전거로 여행하는 코스와 준비물,mistralai/mistral-nemotron,2026-06-02T02:14:18.684529+00:00,publish,96,,1,여행,국내여행,S,2
11-domestic-travel-korean-high-speed-rail-travel,11-domestic-travel,11,korean-high-speed-rail-travel,한국 고속철도 여행,한국 고속철도 여행 코스와 팁,howto,howto,한국 고속철도를 이용한 여행 코스와 팁,mistralai/mistral-nemotron,2026-06-02T02:14:18.684529+00:00,publish,96,,1,여행,국내여행,S,3
11-domestic-travel-korean-mountain-bike-travel,11-domestic-travel,11,korean-mountain-bike-travel,한국 산악 자전거 여행,한국 산악 자전거 여행 코스와 준비물,howto,howto,한국 산악에서 자전거를 이용한 여행 코스와 준비물,mistralai/mistral-nemotron,2026-06-02T02:14:18.684529+00:00,publish,96,,1,여행,국내여행,S,4
11-domestic-travel-korean-mountain-railway-travel,11-domestic-travel,11,korean-mountain-railway-travel,한국 산악 желез도 여행,한국 산악 철도 여행 코스와 정보,howto,howto,한국 산악 철도를 이용한 여행 코스와 실용 정보,mistralai/mistral-nemotron,2026-06-02T02:14:18.684529+00:00,publish,96,,1,여행,국내여행,S,5
11-domestic-travel-hanbok-rental-guide,11-domestic-travel,11,hanbok-rental-guide,한국 한복 대여 방법,한국 한복 대여하는 방법과 추천 장소,howto,howto,한복 대여 절차와 위치별 대여처 비교,mistralai/mistral-nemotron,2026-06-02T02:14:18.684529+00:00,publish,92,,1,여행,국내여행,S,6
11-domestic-travel-how-to-book-korean-campsite,11-domestic-travel,11,how-to-book-korean-campsite,한국 캠핑장 예약 방법,한국 캠핑장 예약 방법 및 팁,howto,howto,한국 캠핑장 예약을 성공적으로 하는 방법,mistralai/mistral-nemotron,2026-06-02T02:14:18.684529+00:00,publish,92,,1,여행,국내여행,S,7
11-domestic-travel-korean-highway-bus-travel-tips,11-domestic-travel,11,korean-highway-bus-travel-tips,한국 고속버스 여행 팁,한국 고속버스 여행 팁과 추천 코스,howto,tip,한국 고속버스로 여행하는 팁과 추천 코스,mistralai/mistral-nemotron,2026-06-02T02:14:18.684529+00:00,publish,92,,1,여행,국내여행,S,8
11-domestic-travel-korea-marine-leisure-experience,11-domestic-travel,11,korea-marine-leisure-experience,한국 해양 레저 체험,한국 해양 레저 체험장 추천 및 예약 팁,info,howto,국내에서 즐길 수 있는 다양한 해양 레저 체험지,mistralai/mistral-nemotron,2026-06-02T02:14:18.684529+00:00,publish,90,,1,여행,국내여행,S,9
11-domestic-travel-korea-village-festival-tour,11-domestic-travel,11,korea-village-festival-tour,한국 마을 축제 여행,한국 마을 축제 여행 및 체험 팁,info,review,국내에서 열리는 다양한 마을 축제 정보,mistralai/mistral-nemotron,2026-06-02T02:14:18.684529+00:00,publish,90,,1,여행,국내여행,S,10
11-domestic-travel-korean-mountain-backpacking,11-domestic-travel,11,korean-mountain-backpacking,한국 산악 백패킹 코스,한국 산악 백패킹 추천 코스,compare,compare,한국에서 즐길 수 있는 백패킹 코스 추천,mistralai/mistral-nemotron,2026-06-02T02:14:18.684529+00:00,publish,90,,1,여행,국내여행,S,11
11-domestic-travel-korean-traditional-market-travel,11-domestic-travel,11,korean-traditional-market-travel,한국 전통 시장 여행,한국 전통 시장 여행 코스와 추천 상품,info,tip,한국 전통 시장을 여행하는 코스와 추천 상품,mistralai/mistral-nemotron,2026-06-02T02:14:18.684529+00:00,publish,90,,1,여행,국내여행,S,12
11-domestic-travel-weekend-seoul-day-trip,11-domestic-travel,11,weekend-seoul-day-trip,주말 서울 주변 일일 여행,주말 서울 주변 일일 여행 코스 추천,info,tip,주말 서울 주변에서 즐길 수 있는 일일 여행 코스,mistralai/mistral-nemotron,2026-06-02T02:14:18.684529+00:00,publish,90,,1,여행,국내여행,S,13
11-domestic-travel-korea-cave-tourist-spots,11-domestic-travel,11,korea-cave-tourist-spots,한국 동굴 여행지 추천,한국 동굴 여행지 추천 및 체험 팁,info,review,국내에서 탐험할 수 있는 동굴 여행지 목록,mistralai/mistral-nemotron,2026-06-02T02:14:18.684529+00:00,publish,86,,1,여행,국내여행,S,14
11-domestic-travel-korea-drive-course-guide,11-domestic-travel,11,korea-drive-course-guide,대한민국 드라이브 코스 추천,대한민국 드라이브 코스 추천 및 팁,info,howto,국내에서 즐길 수 있는 다양한 드라이브 코스,mistralai/mistral-nemotron,2026-06-02T02:14:18.684529+00:00,publish,86,,1,여행,국내여행,S,15
11-overseas-travel-europe-travel-local-language-tips,11-overseas-travel,11,europe-travel-local-language-tips,유럽 여행 현지 언어 기본 표현,유럽 여행 현지 언어 기본 표현과 활용 팁,howto,tip,유럽 여행 시 현지 언어의 기본 표현과 활용 팁,mistralai/mistral-nemotron,2026-06-02T02:14:18.684529+00:00,publish,96,,1,여행,해외여행,S,1
11-overseas-travel-europe-travel-local-transport,11-overseas-travel,11,europe-travel-local-transport,유럽 여행 현지 교통 이용법,유럽 여행 시 현지 교통 이용법과 대중교통 팁,howto,howto,유럽 현지 교통 이용법과 대중교통 사용 팁 제공,mistralai/mistral-nemotron,2026-06-02T02:14:18.684529+00:00,publish,96,,1,여행,해외여행,S,2
11-overseas-travel-europe-travel-shopping-tips,11-overseas-travel,11,europe-travel-shopping-tips,유럽 여행 현지 쇼핑 꿀팁,유럽 여행 시 현지 쇼핑 꿀팁과 할인 방법,howto,tip,유럽 현지 쇼핑 시 할인과 구매 팁 제공,mistralai/mistral-nemotron,2026-06-02T02:14:18.684529+00:00,publish,96,,1,여행,해외여행,S,3
11-overseas-travel-japan-travel-local-transportation,11-overseas-travel,11,japan-travel-local-transportation,일본 여행 현지 교통 이용법,일본 여행 현지 교통 이용법과 할인 방법,howto,howto,일본 여행 시 현지 교통 수단의 이용 방법과 할인 팁,mistralai/mistral-nemotron,2026-06-02T02:14:18.684529+00:00,publish,96,,1,여행,해외여행,S,4
11-overseas-travel-overseas-medical-facility,11-overseas-travel,11,overseas-medical-facility,해외여행 현지 의료시설 이용법,해외여행 현지 의료시설 이용 방법과 준비물,howto,howto,해외여행 시 현지 의료시설을 이용하는 방법과 준비물,mistralai/mistral-nemotron,2026-06-02T02:14:18.684529+00:00,publish,96,,1,여행,해외여행,S,5
11-overseas-travel-overseas-shopping-card,11-overseas-travel,11,overseas-shopping-card,해외여행 현지 쇼핑 카드 사용법,해외여행 현지 쇼핑 카드 사용법과 주의사항,howto,howto,해외여행 시 현지 쇼핑 카드를 사용하는 방법과 주의사항,mistralai/mistral-nemotron,2026-06-02T02:14:18.684529+00:00,publish,96,,1,여행,해외여행,S,6
11-overseas-travel-overseas-transport-card,11-overseas-travel,11,overseas-transport-card,해외여행 현지 교통 카드 구매,해외여행 현지 교통 카드 구매 방법과 꿀팁,howto,howto,해외여행 시 현지 교통 카드를 구매하고 사용하는 방법,mistralai/mistral-nemotron,2026-06-02T02:14:18.684529+00:00,publish,96,,1,여행,해외여행,S,7
11-overseas-travel-overseas-transport-guide,11-overseas-travel,11,overseas-transport-guide,해외여행 현지 교통 이용법,해외여행 현지 교통 이용 방법과 최적 경로,howto,howto,해외여행 시 현지 교통을 이용하는 방법과 최적 경로,mistralai/mistral-nemotron,2026-06-02T02:14:18.684529+00:00,publish,96,,1,여행,해외여행,S,8
11-overseas-travel-overseas-travel-essentials-checklist,11-overseas-travel,11,overseas-travel-essentials-checklist,해외여행 필수 준비물 체크리스트,해외여행 필수 준비물 체크리스트와 패킹 팁,checklist,tip,해외여행 시 꼭 챙겨야 할 준비물과 효율적인 패킹 방법,mistralai/mistral-nemotron,2026-06-02T02:14:18.684529+00:00,publish,96,,1,여행,해외여행,S,9
11-overseas-travel-overseas-weather-prep,11-overseas-travel,11,overseas-weather-prep,해외여행 현지 날씨 대비법,해외여행 현지 날씨 대비 방법과 팁,howto,tip,해외여행 시 현지 날씨에 대비하는 방법과 팁,mistralai/mistral-nemotron,2026-06-02T02:14:18.684529+00:00,publish,96,,1,여행,해외여행,S,10
11-overseas-travel-southeast-asia-local-currency-tips,11-overseas-travel,11,southeast-asia-local-currency-tips,동남아 여행 현지 통화 사용법,동남아 여행 시 현지 통화 사용법과 교환 팁,howto,tip,동남아 현지 통화 사용법과 교환 시 유의사항,mistralai/mistral-nemotron,2026-06-02T02:14:18.684529+00:00,publish,96,,1,여행,해외여행,S,11
11-overseas-travel-southeast-asia-shopping-tips,11-overseas-travel,11,southeast-asia-shopping-tips,동남아 여행 현지 쇼핑 꿀팁,동남아 여행 시 현지 쇼핑 꿀팁과 할인 방법,howto,tip,동남아 현지 쇼핑 시 할인과 구매 팁 제공,mistralai/mistral-nemotron,2026-06-02T02:14:18.684529+00:00,publish,96,,1,여행,해외여행,S,12
11-overseas-travel-southeast-asia-travel-local-transport-card,11-overseas-travel,11,southeast-asia-travel-local-transport-card,동남아 여행 현지 교통 카드 사용법,동남아 여행 현지 교통 카드 사용법과 할인 방법,howto,howto,동남아 여행 시 현지 교통 카드의 사용 방법과 할인 팁,mistralai/mistral-nemotron,2026-06-02T02:14:18.684529+00:00,publish,96,,1,여행,해외여행,S,13
11-overseas-travel-southeast-asia-weather-preparation,11-overseas-travel,11,southeast-asia-weather-preparation,동남아 여행 현지 날씨 대비법,동남아 여행 시 현지 날씨 대비 방법과 체감온도,howto,howto,동남아 현지 날씨 대비 방법과 체감온도 안에,mistralai/mistral-nemotron,2026-06-02T02:14:18.684529+00:00,publish,96,,1,여행,해외여행,S,14
11-overseas-travel-usa-travel-shopping-card-usage,11-overseas-travel,11,usa-travel-shopping-card-usage,미국 여행 현지 쇼핑 카드 사용법,미국 여행 시 현지 쇼핑 카드 사용법과 할인 방법,howto,howto,미국 현지 쇼핑 카드 사용법과 할인 방법 안내,mistralai/mistral-nemotron,2026-06-02T02:14:18.684529+00:00,publish,96,,1,여행,해외여행,S,15
11-travel-tips-airport-shuttle-service,11-travel-tips,11,airport-shuttle-service,여행 중 현지 공항 셔틀 서비스 이용법,여행 중 현지 공항 셔틀 서비스 이용 방법,howto,howto,현지 공항 셔틀 서비스를 이용하는 방법,mistralai/mistral-nemotron,2026-06-02T02:14:18.684529+00:00,publish,96,,1,여행,여행꿀팁,S,1
11-travel-tips-essential-overseas-travel-items,11-travel-tips,11,essential-overseas-travel-items,해외 여행 필수 준비물,해외 여행 필수 준비물 체크리스트,checklist,howto,해외 여행을 위한 필수 준비물 목록,mistralai/mistral-nemotron,2026-06-02T02:14:18.684529+00:00,publish,96,,1,여행,여행꿀팁,S,2
11-travel-tips-local-tour-bus-guide,11-travel-tips,11,local-tour-bus-guide,여행 중 현지 관광버스 이용법,여행 중 현지 관광버스 이용 방법과 팁,howto,howto,현지 관광버스를 이용하는 방법과 팁,mistralai/mistral-nemotron,2026-06-02T02:14:18.684529+00:00,publish,96,,1,여행,여행꿀팁,S,3
11-travel-tips-local-transport-tips,11-travel-tips,11,local-transport-tips,여행지 현지 교통 꿀팁,여행지 현지 교통 이용하는 꿀팁,howto,tip,여행지 현지 교통을 효과적으로 이용하는 방법,mistralai/mistral-nemotron,2026-06-02T02:14:18.684529+00:00,publish,96,,1,여행,여행꿀팁,S,4
11-travel-tips-travel-emergency-medicine,11-travel-tips,11,travel-emergency-medicine,여행 중 비상약 챙기기,여행 중 비상약 챙기기: 건강 관리 팁,howto,tip,여행 중 비상약을 챙기는 방법과 건강 관리 팁,mistralai/mistral-nemotron,2026-06-02T02:14:18.684529+00:00,publish,96,,1,여행,여행꿀팁,S,5
11-travel-tips-travel-fertilizer-purchase-guide,11-travel-tips,11,travel-fertilizer-purchase-guide,여행 중 비료 구매 가이드,여행 중 비료를 구매할 때 체크리스트,checklist,start,여행 중 비료 구매 시 필요한 모든 정보,mistralai/mistral-nemotron,2026-06-02T02:14:18.684529+00:00,publish,96,,1,여행,여행꿀팁,S,6
11-travel-tips-wireless-charger-travel-tips,11-travel-tips,11,wireless-charger-travel-tips,여행 중 무선 충전기 사용법,여행 중 무선 충전기 활용하는 법,howto,tip,여행 중에 무선 충전기를 활용하는 다양한 팁,mistralai/mistral-nemotron,2026-06-02T02:14:18.684529+00:00,publish,96,,1,여행,여행꿀팁,S,7
11-travel-tips-airport-lounge-howto-use,11-travel-tips,11,airport-lounge-howto-use,여행 중 공항 라운지 이용 방법,여행 중 공항 라운지 이용 방법과 혜택,howto,howto,공항 라운지를 이용하는 방법과 혜택,mistralai/mistral-nemotron,2026-06-02T02:14:18.684529+00:00,publish,92,,1,여행,여행꿀팁,S,8
11-travel-tips-cheap-air-ticket-reservation,11-travel-tips,11,cheap-air-ticket-reservation,저렴한 항공권 예약 방법,저렴한 항공권 예약하는 방법과 팁,howto,tip,항공권을 저렴하게 예약하는 방법과 팁,mistralai/mistral-nemotron,2026-06-02T02:14:18.684529+00:00,publish,92,,1,여행,여행꿀팁,S,9
11-travel-tips-check-travel-weather,11-travel-tips,11,check-travel-weather,여행지 날씨 확인 방법,여행지 날씨 확인 방법과 팁,howto,howto,여행지 날씨를 확인하는 방법과 팁,mistralai/mistral-nemotron,2026-06-02T02:14:18.684529+00:00,publish,92,,1,여행,여행꿀팁,S,10
09-seoul-food-gangnam-business-lunch-course,09-seoul-food,09,gangnam-business-lunch-course,강남역 비즈니스 라운치 코스,강남역 비즈니스 라운치 추천 코스와 장점 비교,compare,local,강남역에서 비즈니스 라운치에 적합한 코스와 장점을 비교한 가이드,mistralai/mistral-nemotron,2026-06-02T02:14:18.684529+00:00,publish,96,,1,맛집/카페,서울 맛집,S,1
09-seoul-food-hongdae-club-guide,09-seoul-food,09,hongdae-club-guide,홍대 클럽 입장 가이드,홍대 클럽 입장 방법과 주의사항 상세 가이드,howto,local,홍대 클럽에 입장하는 방법과 주의사항을 상세히 안내합니다,mistralai/mistral-nemotron,2026-06-02T02:14:18.684529+00:00,publish,96,,1,맛집/카페,서울 맛집,S,2
09-seoul-food-yongsan-station-couple-cafe,09-seoul-food,09,yongsan-station-couple-cafe,용산역 커플 카페 가이드,용산역 데이트 코스와 인스타그램 필터 카페,howto,local,용산역 주변 데이트 코스와 인스타그램 필터 추천 카페,mistralai/mistral-nemotron,2026-06-02T02:14:18.684529+00:00,publish,96,,1,맛집/카페,서울 맛집,S,3
09-seoul-food-gangnam-long-table-cafe-reservation,09-seoul-food,09,gangnam-long-table-cafe-reservation,강남역 롱테이블 카페 예약 팁,강남역 롱테이블 카페 예약 팁 5가지,howto,tip,강남역 롱테이블 카페 예약을 성공적으로 하는 방법,mistralai/mistral-nemotron,2026-06-02T02:14:18.684529+00:00,publish,92,,1,맛집/카페,서울 맛집,S,4
09-seoul-food-itaewon-club-reservation,09-seoul-food,09,itaewon-club-reservation,이태원 클럽 예약 방법,이태원 클럽 예약 방법 | 라인 스탠딩·VIP 예약 과정,howto,start,이태원 클럽을 예약하는 방법을 단계별로 안내,mistralai/mistral-nemotron,2026-06-02T02:14:18.684529+00:00,publish,92,,1,맛집/카페,서울 맛집,S,5
09-seoul-food-seongsu-brunch-booking-tip,09-seoul-food,09,seongsu-brunch-booking-tip,성수동 브런치 예약 팁,성수동 브런치 예약 성공을 위한 팁과 시간대,howto,tip,성수동 브런치 예약 성공을 위한 팁과 시간대 안내,mistralai/mistral-nemotron,2026-06-02T02:14:18.684529+00:00,publish,92,,1,맛집/카페,서울 맛집,S,6
09-seoul-food-seongsu-brunch-cafe-reservation,09-seoul-food,09,seongsu-brunch-cafe-reservation,서울 성수동 브런치 카페 예약 방법,성수동 브런치 카페 예약 방법 | 인기 메뉴와 코스,howto,tip,성수동 브런치 카페 예약 방법과 인기 메뉴를 소개합니다.,mistralai/mistral-nemotron,2026-06-02T02:14:18.684529+00:00,publish,92,,1,맛집/카페,서울 맛집,S,7
09-seoul-food-guro-business-dinner,09-seoul-food,09,guro-business-dinner,구로디지털단지역 회식 코스,구로디지털단지역 회식 코스 3가지 | 저녁·간식 추천,review,local,구로디지털단지역에서 회식하기 좋은 코스 추천,mistralai/mistral-nemotron,2026-06-02T02:14:18.684529+00:00,publish,90,,1,맛집/카페,서울 맛집,S,8
09-seoul-food-seochogu-date-course,09-seoul-food,09,seochogu-date-course,서울 서초구 데이트 코스,서울 서초구에서 데이트하기 좋은 코스 10가지,review,local,서초구에서 로맨틱한 데이트 코스,mistralai/mistral-nemotron,2026-06-02T02:14:18.684529+00:00,publish,90,,1,맛집/카페,서울 맛집,S,9
09-seoul-food-seongsu-brunch-course,09-seoul-food,09,seongsu-brunch-course,성수동 브런치 코스,성수동에서 인기 있는 브런치 코스 추천,info,local,성수동에서 인기 있는 브런치 코스를 추천합니다,mistralai/mistral-nemotron,2026-06-02T02:14:18.684529+00:00,publish,90,,1,맛집/카페,서울 맛집,S,10
09-seoul-food-hongdae-club-entry-fee,09-seoul-food,09,hongdae-club-entry-fee,홍대 클럽 입장료 비교,홍대 클럽 입장료 비교 가이드,compare,local,홍대 클럽의 입장료와 프로모션 비교,mistralai/mistral-nemotron,2026-06-02T02:14:18.684529+00:00,publish,84,,1,맛집/카페,서울 맛집,S,11
09-seoul-food-namsan-night-cafe,09-seoul-food,09,namsan-night-cafe,서울 남산 야경 볼 수 있는 카페,서울 남산 야경 볼 수 있는 카페 추천 5선 | 로맨틱한 밤,compare,local,남산 야경을 볼 수 있는 카페 추천,mistralai/mistral-nemotron,2026-06-02T02:14:18.684529+00:00,publish,84,,1,맛집/카페,서울 맛집,S,12
09-seoul-food-seoul-night-cafe,09-seoul-food,09,seoul-night-cafe,서울 시내 야경 카페,서울 시내 야경 카페 추천 7선 | 로맨틱한 분위기,compare,local,서울 시내에서 야경을 볼 수 있는 카페 추천,mistralai/mistral-nemotron,2026-06-02T02:14:18.684529+00:00,publish,84,,1,맛집/카페,서울 맛집,S,13
09-seoul-food-dongdaemun-night-food,09-seoul-food,09,dongdaemun-night-food,동대문 야시장 먹거리 추천,동대문 야시장 먹거리 추천 10선 | 야간 먹거리 가이드,compare,local,동대문 야시장에서 추천하는 먹거리 리스트,mistralai/mistral-nemotron,2026-06-02T02:14:18.684529+00:00,publish,80,,1,맛집/카페,서울 맛집,S,14
09-seoul-food-cheongdam-beef-restaurant,09-seoul-food,09,cheongdam-beef-restaurant,서울 청담동 한우 맛집,서울 청담동 한우 맛집 5선 | 프리미엄 고기 집,review,local,청담동에서 한우를 잘 구워주는 맛집 추천,mistralai/mistral-nemotron,2026-06-02T02:14:18.684529+00:00,publish,78,,1,맛집/카페,서울 맛집,S,15
09-busan-food-bukgu-vegan-cafe,09-busan-food,09,bukgu-vegan-cafe,부산 북구 비건 카페,부산 북구 비건·채식주의자 추천 카페와 음식점,info,local,북구에서 비건과 채식주의자들이 즐길 수 있는 카페와 음식점을 안내합니다.,mistralai/mistral-nemotron,2026-06-02T02:14:18.684529+00:00,publish,78,,1,맛집/카페,부산 맛집,S,1
09-busan-food-bukyeongdae-cafe,09-busan-food,09,bukyeongdae-cafe,부산 부경대 근처 카페,부경대 근처 카페 추천과 공부하기 좋은 장소,info,local,부경대학교 근처 카페 리스트와 학생 할인 정보,mistralai/mistral-nemotron,2026-06-02T02:14:18.684529+00:00,publish,78,,1,맛집/카페,부산 맛집,S,2
09-busan-food-busan-bukyung-night-cafe,09-busan-food,09,busan-bukyung-night-cafe,부산 부경대 근처 밤 카페,부산 부경대 근처 밤에 갈 수 있는 카페,review,local,부경대 근처에서 밤에 갈 수 있는 카페를 소개합니다.,mistralai/mistral-nemotron,2026-06-02T02:14:18.684529+00:00,publish,78,,1,맛집/카페,부산 맛집,S,3
09-busan-food-busan-dongbaek-korean,09-busan-food,09,busan-dongbaek-korean,부산 동백섬 한식 맛집,부산 동백섬 한식 맛집 추천,review,local,동백섬에서 한식을 맛있게 먹을 수 있는 맛집을 소개합니다.,mistralai/mistral-nemotron,2026-06-02T02:14:18.684529+00:00,publish,78,,1,맛집/카페,부산 맛집,S,4
09-busan-food-busan-dongrae-ramen,09-busan-food,09,busan-dongrae-ramen,부산 동래구 라면 맛집,"부산 동래구 핵심 라면 맛집, 현지인 추천 순위",info,review,동래구에서만 즐길 수 있는 라면 맛집들,mistralai/mistral-nemotron,2026-06-02T02:14:18.684529+00:00,publish,78,,1,맛집/카페,부산 맛집,S,5
09-busan-food-busan-dongrae-sungjudo,09-busan-food,09,busan-dongrae-sungjudo,부산 동래구 돔산 성주동 맛집,부산 동래구 돔산 성주동 맛집 추천,review,local,부산 동래구 돔산 성주동에서 맛있는 음식집을 소개합니다.,mistralai/mistral-nemotron,2026-06-02T02:14:18.684529+00:00,publish,78,,1,맛집/카페,부산 맛집,S,6
09-busan-food-busan-geumjeong-burger,09-busan-food,09,busan-geumjeong-burger,부산 금정구 수제버거 맛집,"부산 금정구 수제버거 맛집 추천, 맛있는 버거 고르기",info,local,"금정구 수제버거 맛집, 맛있는 버거 고르기",mistralai/mistral-nemotron,2026-06-02T02:14:18.684529+00:00,publish,78,,1,맛집/카페,부산 맛집,S,7
09-busan-food-busan-gijang-galbitang,09-busan-food,09,busan-gijang-galbitang,부산 기장군 매운 갈비탕 맛집,부산 기장군 매운 갈비탕 맛집 추천,review,local,기장군에서 매운 갈비탕을 맛있게 먹을 수 있는 맛집을 소개합니다.,mistralai/mistral-nemotron,2026-06-02T02:14:18.684529+00:00,publish,78,,1,맛집/카페,부산 맛집,S,8
09-busan-food-busan-gijang-seafood-grill,09-busan-food,09,busan-gijang-seafood-grill,부산 기장군 해산물 구이 맛집,"부산 기장군 해산물 구이 맛집, 신선한 재료로",info,local,기장군에서만 맛볼 수 있는 해산물 구이,mistralai/mistral-nemotron,2026-06-02T02:14:18.684529+00:00,publish,78,,1,맛집/카페,부산 맛집,S,9
09-busan-food-busan-haeundae-brunch,09-busan-food,09,busan-haeundae-brunch,부산 해운대 브런치 카페,"부산 해운대 브런치 카페 추천, 인스타 감성 있는 곳",info,local,해운대 지역 최신 브런치 카페 리스트,mistralai/mistral-nemotron,2026-06-02T02:14:18.684529+00:00,publish,78,,1,맛집/카페,부산 맛집,S,10
09-busan-food-busan-haeundae-burger,09-busan-food,09,busan-haeundae-burger,부산 해운대 수제버거 맛집,"부산 해운대 수제버거 맛집, 현지인 추천",review,local,해운대에서 현지인들이爱的 수제버거 맛집을 소개합니다.,mistralai/mistral-nemotron,2026-06-02T02:14:18.684529+00:00,publish,78,,1,맛집/카페,부산 맛집,S,11
09-busan-food-busan-haeundae-honghwe,09-busan-food,09,busan-haeundae-honghwe,부산 해운대 홍어 회 맛집,"부산 해운대 홍어 회 맛집 추천, 신선한 재료로",info,review,해운대에서만 즐길 수 있는 홍어 회 맛집,mistralai/mistral-nemotron,2026-06-02T02:14:18.684529+00:00,publish,78,,1,맛집/카페,부산 맛집,S,12
09-cafe-recommend-cafe-for-beer,09-cafe-recommend,09,cafe-for-beer,카페에서 맥주 마시기,맥주 맛집 카페 추천,howto,howto,맥주 맛집 카페 추천,mistralai/mistral-nemotron,2026-06-02T02:14:18.684529+00:00,publish,84,,1,맛집/카페,카페 추천,S,1
09-cafe-recommend-cafe-for-breakfast,09-cafe-recommend,09,cafe-for-breakfast,카페에서 아침 먹기,아침 먹기 좋은 카페 추천,howto,howto,아침 먹기 좋은 카페 추천,mistralai/mistral-nemotron,2026-06-02T02:14:18.684529+00:00,publish,84,,1,맛집/카페,카페 추천,S,2
09-cafe-recommend-cafe-for-brunch,09-cafe-recommend,09,cafe-for-brunch,카페에서 브런치 먹기,브런치 먹기 좋은 카페 추천,howto,howto,브런치 먹기 좋은 카페 추천,mistralai/mistral-nemotron,2026-06-02T02:14:18.684529+00:00,publish,84,,1,맛집/카페,카페 추천,S,3
09-cafe-recommend-cafe-for-cocktail,09-cafe-recommend,09,cafe-for-cocktail,카페에서 칵테일 마시기,칵테일 맛집 카페 추천,howto,howto,칵테일 맛집 카페 추천,mistralai/mistral-nemotron,2026-06-02T02:14:18.684529+00:00,publish,84,,1,맛집/카페,카페 추천,S,4
09-cafe-recommend-cafe-for-coffee,09-cafe-recommend,09,cafe-for-coffee,카페에서 커피 마시기,커피 맛집 카페 추천,howto,howto,커피 맛집 카페 추천,mistralai/mistral-nemotron,2026-06-02T02:14:18.684529+00:00,publish,84,,1,맛집/카페,카페 추천,S,5
09-cafe-recommend-cafe-for-dessert,09-cafe-recommend,09,cafe-for-dessert,카페에서 디저트 먹기,디저트 먹기 좋은 카페 추천,howto,howto,디저트 먹기 좋은 카페 추천,mistralai/mistral-nemotron,2026-06-02T02:14:18.684529+00:00,publish,84,,1,맛집/카페,카페 추천,S,6
09-cafe-recommend-cafe-for-dinner,09-cafe-recommend,09,cafe-for-dinner,카페에서 저녁 먹기,저녁 먹기 좋은 카페 추천,howto,howto,저녁 먹기 좋은 카페 추천,mistralai/mistral-nemotron,2026-06-02T02:14:18.684529+00:00,publish,84,,1,맛집/카페,카페 추천,S,7
09-cafe-recommend-cafe-for-drink,09-cafe-recommend,09,cafe-for-drink,카페에서 음료 마시기,음료 맛집 카페 추천,howto,howto,음료 맛집 카페 추천,mistralai/mistral-nemotron,2026-06-02T02:14:18.684529+00:00,publish,84,,1,맛집/카페,카페 추천,S,8
09-cafe-recommend-cafe-for-juice,09-cafe-recommend,09,cafe-for-juice,카페에서 주스 마시기,주스 맛집 카페 추천,howto,howto,주스 맛집 카페 추천,mistralai/mistral-nemotron,2026-06-02T02:14:18.684529+00:00,publish,84,,1,맛집/카페,카페 추천,S,9
09-cafe-recommend-cafe-for-lunch,09-cafe-recommend,09,cafe-for-lunch,카페에서 점심 먹기,점심 먹기 좋은 카페 추천,howto,howto,점심 먹기 좋은 카페 추천,mistralai/mistral-nemotron,2026-06-02T02:14:18.684529+00:00,publish,84,,1,맛집/카페,카페 추천,S,10
09-cafe-recommend-cafe-for-mood,09-cafe-recommend,09,cafe-for-mood,카페에서 분위기 내기,분위기 좋은 카페 추천,howto,howto,분위기 좋은 카페 추천,mistralai/mistral-nemotron,2026-06-02T02:14:18.684529+00:00,publish,84,,1,맛집/카페,카페 추천,S,11
09-cafe-recommend-cafe-for-photo,09-cafe-recommend,09,cafe-for-photo,카페에서 사진 찍기,사진 찍기 좋은 카페 추천,howto,howto,사진 찍기 좋은 카페 추천,mistralai/mistral-nemotron,2026-06-02T02:14:18.684529+00:00,publish,84,,1,맛집/카페,카페 추천,S,12
09-solo-food-gwangju-donggu-alone-korean-style,09-solo-food,09,gwangju-donggu-alone-korean-style,혼밥 맛집 광주 동구 한정식,혼밥 맛집 광주 동구 한정식 추천과 예약 방법,howto,local,광주 동구에서 혼자서도 즐길 수 있는 한정식 맛집.,mistralai/mistral-nemotron,2026-06-02T02:14:18.684529+00:00,publish,96,,1,맛집/카페,혼밥 맛집,S,1
09-solo-food-seoul-hongdae-alone-korean-style,09-solo-food,09,seoul-hongdae-alone-korean-style,혼밥 한식집 서울 홍대 한정식,혼밥 한식집 서울 홍대 한정식 추천과 예약 방법,howto,local,서울 홍대에서 혼자서도 즐길 수 있는 한정식 맛집.,mistralai/mistral-nemotron,2026-06-02T02:14:18.684529+00:00,publish,96,,1,맛집/카페,혼밥 맛집,S,2
09-solo-food-solo-meal-recipe,09-solo-food,09,solo-meal-recipe,혼밥 메뉴 추천는 레시피,혼밥 메뉴 추천과 간단한 레시피,howto,howto,혼밥을 할 때 도움을 줄 수 있는 메뉴와 레시피 추천입니다.,mistralai/mistral-nemotron,2026-06-02T02:14:18.684529+00:00,publish,96,,1,맛집/카페,혼밥 맛집,S,3
09-solo-food-honbap-menu-recipe,09-solo-food,09,honbap-menu-recipe,혼밥 메뉴 추천 레시피,혼밥 메뉴 추천과 간단한 레시피 공유,info,howto,혼밥에 좋은 메뉴와 레시피,mistralai/mistral-nemotron,2026-06-02T02:14:18.684529+00:00,publish,90,,1,맛집/카페,혼밥 맛집,S,4
09-solo-food-seoul-yongsan-korean-food,09-solo-food,09,seoul-yongsan-korean-food,혼밥 맛집 서울 용산구 한식,혼밥 맛집 서울 용산구 한식 추천 및 예약팁,review,local,용산구에서 혼밥하기 좋은 한식 맛집 정보를 제공합니다.,mistralai/mistral-nemotron,2026-06-02T02:14:18.684529+00:00,publish,90,,1,맛집/카페,혼밥 맛집,S,5
09-solo-food-daegu-dalseo-alone-korean-street-food,09-solo-food,09,daegu-dalseo-alone-korean-street-food,혼밥 가능한 분식집 대구 달서구,혼밥 가능한 분식집 대구 달서구 추천과 가격 비교,compare,local,대구 달서구에서 혼밥에 적합한 분식집 비교와 추천.,mistralai/mistral-nemotron,2026-06-02T02:14:18.684529+00:00,publish,84,,1,맛집/카페,혼밥 맛집,S,6
09-solo-food-gwangju-donggu-alone-korean-street-food,09-solo-food,09,gwangju-donggu-alone-korean-street-food,혼밥 가능한 분식집 광주 동구,혼밥 가능한 분식집 광주 동구 추천과 메뉴 비교,compare,local,광주 동구에서 혼밥에 적합한 분식집 비교와 추천.,mistralai/mistral-nemotron,2026-06-02T02:14:18.684529+00:00,publish,84,,1,맛집/카페,혼밥 맛집,S,7
09-solo-food-honbap-etiquette,09-solo-food,09,honbap-etiquette,혼밥 음식 외식 예절,혼밥 외식 시 지켜야 할 예절 3가지,howto,tip,혼밥 시 알아두면 좋은 예절 팁,mistralai/mistral-nemotron,2026-06-02T02:14:18.684529+00:00,publish,84,,1,맛집/카페,혼밥 맛집,S,8
09-solo-food-itaewon-alone-western-restaurant,09-solo-food,09,itaewon-alone-western-restaurant,혼밥 가능한 이태원 양식집,혼밥 가능한 이태원 양식집 추천과 가격 대비,compare,local,이태원에서 혼자서도 즐길 수 있는 양식집 비교.,mistralai/mistral-nemotron,2026-06-02T02:14:18.684529+00:00,publish,84,,1,맛집/카페,혼밥 맛집,S,9
09-solo-food-solo-dining-etiquette,09-solo-food,09,solo-dining-etiquette,혼밥외식 예절 가이드,"혼밥 외식 예절 가이드, 혼자서도 매너 있게",howto,howto,혼밥을 할 때 필요한 예절과 팁을 알려드립니다.,mistralai/mistral-nemotron,2026-06-02T02:14:18.684529+00:00,publish,84,,1,맛집/카페,혼밥 맛집,S,10
09-date-course-jeju-halla-mountain-date,09-date-course,09,jeju-halla-mountain-date,제주도 한라산 데이트 코스,제주도 한라산에서 즐기는 데이트 코스,howto,local,한라산에서 자연과 함께하는 제주도 데이트 코스,mistralai/mistral-nemotron,2026-06-02T02:14:18.684529+00:00,publish,96,,1,맛집/카페,데이트 코스,A,1
09-date-course-seoul-gangnam-romantic-date,09-date-course,09,seoul-gangnam-romantic-date,서울 강남 로맨틱 데이트,강남역에서 로맨틱한 데이트 코스 추천,howto,local,강남역 인근에서 즐기는 로맨틱한 데이트 코스,mistralai/mistral-nemotron,2026-06-02T02:14:18.684529+00:00,publish,96,,1,맛집/카페,데이트 코스,A,2
09-date-course-seoul-han-river-date,09-date-course,09,seoul-han-river-date,서울 한강 데이트 코스,서울 한강에서 즐기는 로맨틱한 데이트 코스,howto,local,한강에서 즐기는 로맨틱한 서울 데이트 코스,mistralai/mistral-nemotron,2026-06-02T02:14:18.684529+00:00,publish,96,,1,맛집/카페,데이트 코스,A,3
09-date-course-seoul-instagram-worthy-date,09-date-course,09,seoul-instagram-worthy-date,서울 인스타그램worthy 데이트 코스,서울에서 인스타그램에 올릴 만한 데이트 코스,compare,local,인스타그램에 올릴 만한 사진썸 코스로 구성된 서울 데이트 코스,mistralai/mistral-nemotron,2026-06-02T02:14:18.684529+00:00,publish,96,,1,맛집/카페,데이트 코스,A,4
09-date-course-seoul-popular-date,09-date-course,09,seoul-popular-date,서울 인기 데이트 코스,서울에서 인기 있는 데이트 코스 추천,compare,local,서울에서 인기 있는 데이트 코스 추천,mistralai/mistral-nemotron,2026-06-02T02:14:18.684529+00:00,publish,96,,1,맛집/카페,데이트 코스,A,5
09-date-course-winter-seoul-date,09-date-course,09,winter-seoul-date,겨울 서울 데이트 코스,겨울철 서울에서 즐기는 데이트 코스,howto,local,추운 겨울날 서울에서 즐기는 데이트 코스,mistralai/mistral-nemotron,2026-06-02T02:14:18.684529+00:00,publish,96,,1,맛집/카페,데이트 코스,A,6
09-date-course-beach-date-course,09-date-course,09,beach-date-course,해변 데이트 코스,해변에서 즐길 수 있는 로맨틱한 데이트 코스,info,local,해변에서 즐길 수 있는 로맨틱한 데이트 코스,mistralai/mistral-nemotron,2026-06-02T02:14:18.684529+00:00,publish,90,,1,맛집/카페,데이트 코스,A,7
09-date-course-best-value-date-course,09-date-course,09,best-value-date-course,가성비 데이트 코스,예산 적게 들고 추천하는 데이트 코스,info,start,예산 적게 들면서도 추천하는 데이트 코스,mistralai/mistral-nemotron,2026-06-02T02:14:18.684529+00:00,publish,90,,1,맛집/카페,데이트 코스,A,8
10-korean-recipe-beginner-korean-food-recipe,10-korean-recipe,10,beginner-korean-food-recipe,한식 레시피 초보자를 위한 기본 조리법,초보자도 쉽게 따라할 수 있는 한식 기본 조리법,howto,start,한식 재료와 조리법에 대한 기본 가이드,mistralai/mistral-nemotron,2026-06-02T02:14:18.684529+00:00,publish,96,,1,푸드,한식 레시피,S,1
10-korean-recipe-bibimbap-recipe,10-korean-recipe,10,bibimbap-recipe,한식 비빔밥 레시피,전통 비빔밥 레시피와 다양한 토핑 조합,howto,howto,비빔밥 기본 레시피와 다양한 토핑 조합,mistralai/mistral-nemotron,2026-06-02T02:14:18.684529+00:00,publish,96,,1,푸드,한식 레시피,S,2
10-korean-recipe-doenjang-guk-recipe,10-korean-recipe,10,doenjang-guk-recipe,한식 된장국 레시피,된장국 레시피와 건강한 재료 조합,howto,howto,된장국 기본 레시피와 건강한 재료 조합,mistralai/mistral-nemotron,2026-06-02T02:14:18.684529+00:00,publish,96,,1,푸드,한식 레시피,S,3
10-korean-recipe-doenjang-jjigae-recipe,10-korean-recipe,10,doenjang-jjigae-recipe,한식 된장찌개 레시피,된장찌개 레시피와 건강한 재료 조합,howto,howto,된장찌개 기본 레시피와 건강한 재료 조합,mistralai/mistral-nemotron,2026-06-02T02:14:18.684529+00:00,publish,96,,1,푸드,한식 레시피,S,4
10-korean-recipe-doenjang-jjigae-recipe-2,10-korean-recipe,10,doenjang-jjigae-recipe-2,한식 된장전골 레시피,된장전골 레시피와 다양한 재료 조합,howto,howto,된장전골 기본 레시피와 다양한 재료 조합,mistralai/mistral-nemotron,2026-06-02T02:14:18.684529+00:00,publish,96,,1,푸드,한식 레시피,S,5
10-korean-recipe-doenjang-tang-recipe,10-korean-recipe,10,doenjang-tang-recipe,한식 된장탕 레시피,된장탕 레시피와 건강한 재료 조합,howto,howto,된장탕 기본 레시피와 건강한 재료 조합,mistralai/mistral-nemotron,2026-06-02T02:14:18.684529+00:00,publish,96,,1,푸드,한식 레시피,S,6
10-korean-recipe-easy-korean-side-dish,10-korean-recipe,10,easy-korean-side-dish,한식 반찬 레시피 간편하고 건강한,간편한 한식 반찬 레시피로 건강한 식탁 만들기,howto,tip,바쁜 날에도 쉽게 만들어 먹는 한식 반찬 레시피,mistralai/mistral-nemotron,2026-06-02T02:14:18.684529+00:00,publish,96,,1,푸드,한식 레시피,S,7
10-korean-recipe-hanstyle-bibimnamul,10-korean-recipe,10,hanstyle-bibimnamul,한식 비빔나물 레시피,간편하고 건강한 한식 비빔나물 레시피,howto,howto,간편하게 만들 수 있는 건강한 한식 비빔나물 레시피,mistralai/mistral-nemotron,2026-06-02T02:14:18.684529+00:00,publish,96,,1,푸드,한식 레시피,S,8
10-korean-recipe-hanstyle-dak-aritdori,10-korean-recipe,10,hanstyle-dak-aritdori,한식 아랫도리 닭 레시피,한식 아랫도리 닭 요리 레시피 및 조리 팁,howto,howto,한식으로 즐기는 아랫도리 닭 레시피 정보를 제공합니다.,mistralai/mistral-nemotron,2026-06-02T02:14:18.684529+00:00,publish,96,,1,푸드,한식 레시피,S,9
10-korean-recipe-hanstyle-dambaek-guk,10-korean-recipe,10,hanstyle-dambaek-guk,한식 담백한 국 레시피,한식 담백한 국 레시피와 건강한 조리법,howto,howto,담백하면서도 건강한 한식 국 레시피,mistralai/mistral-nemotron,2026-06-02T02:14:18.684529+00:00,publish,96,,1,푸드,한식 레시피,S,10
10-korean-recipe-hanstyle-dolsol-gukso,10-korean-recipe,10,hanstyle-dolsol-gukso,한식 돌솔 국수 레시피,전통적인 한식 돌솔 국수 레시피와 조리법,howto,howto,전통적인 한식 돌솔 국수 레시피와 조리법을 소개합니다.,mistralai/mistral-nemotron,2026-06-02T02:14:18.684529+00:00,publish,96,,1,푸드,한식 레시피,S,11
10-korean-recipe-hanstyle-dubu-menu,10-korean-recipe,10,hanstyle-dubu-menu,한식 두부 메뉴 레시피,간편한 한식 두부 요리 레시피와 조리법,howto,howto,간편하게 만들 수 있는 다양한 한식 두부 요리 레시피,mistralai/mistral-nemotron,2026-06-02T02:14:18.684529+00:00,publish,96,,1,푸드,한식 레시피,S,12
10-korean-recipe-hanstyle-hanjeongsik,10-korean-recipe,10,hanstyle-hanjeongsik,한식 색다른 한정식 레시피,특별한 날에 즐기는 한식 한정식 레시피,howto,tip,특별한 날에 즐기는 한식 한정식 레시피와 조리 팁,mistralai/mistral-nemotron,2026-06-02T02:14:18.684529+00:00,publish,96,,1,푸드,한식 레시피,S,13
10-korean-recipe-hanstyle-kimjang,10-korean-recipe,10,hanstyle-kimjang,한식 김장 레시피,전통적인 한식 김장 레시피와 김장 팁,howto,howto,전통적인 한식 김장 레시피와 김장 팁을 제공합니다.,mistralai/mistral-nemotron,2026-06-02T02:14:18.684529+00:00,publish,96,,1,푸드,한식 레시피,S,14
10-korean-recipe-hanstyle-meomiljuk,10-korean-recipe,10,hanstyle-meomiljuk,한식 메밀죽 레시피,건강한 한식 메밀죽 레시피와 조리법,howto,howto,건강한 한식 메밀죽 레시피와 조리법,mistralai/mistral-nemotron,2026-06-02T02:14:18.684529+00:00,publish,96,,1,푸드,한식 레시피,S,15
10-cooking-tips-beginner-bread-recipe,10-cooking-tips,10,beginner-bread-recipe,빵 만들기 초보자,빵을 처음 만드는 초보자를 위한 팁과 레시피,howto,howto,빵 만들기 초보자 위한 단계별 가이드,mistralai/mistral-nemotron,2026-06-02T02:14:18.684529+00:00,publish,96,,1,푸드,요리 팁,S,1
10-cooking-tips-beginner-salt-using-tips,10-cooking-tips,10,beginner-salt-using-tips,초보자를 위한 소금 사용법,요리 초보자를 위한 소금 사용법과 팁,howto,howto,초보자도 쉽게 따라할 수 있는 소금 사용법,mistralai/mistral-nemotron,2026-06-02T02:14:18.684529+00:00,publish,96,,1,푸드,요리 팁,S,2
10-cooking-tips-delicious-kimchi-jjigae,10-cooking-tips,10,delicious-kimchi-jjigae,김치찌개 잘 끓이는법,김치찌개 잘 끓이는 비결과 맛있는 레시피,howto,howto,김치찌개를 맛있게 끓이는 비결과 레시피,mistralai/mistral-nemotron,2026-06-02T02:14:18.684529+00:00,publish,96,,1,푸드,요리 팁,S,3
10-cooking-tips-easy-kimchi-stew-recipe,10-cooking-tips,10,easy-kimchi-stew-recipe,간편한 김치찌개 레시피,간편하고 맛있는 김치찌개 레시피와 팁,howto,howto,간편하고 맛있는 김치찌개 만드는 법,mistralai/mistral-nemotron,2026-06-02T02:14:18.684529+00:00,publish,96,,1,푸드,요리 팁,S,4
10-cooking-tips-easy-korean-fried-rice,10-cooking-tips,10,easy-korean-fried-rice,간편한 한식 볶음밥 레시피,5분 만에 완성하는 간편한 한식 볶음밥 레시피,howto,howto,간편한 재료로 만드는 한식 볶음밥 레시피,mistralai/mistral-nemotron,2026-06-02T02:14:18.684529+00:00,publish,96,,1,푸드,요리 팁,S,5
10-cooking-tips-healthy-korean-soup-recipe,10-cooking-tips,10,healthy-korean-soup-recipe,건강한 한식 수프 레시피,건강한 한식 수프 만드는 간단한 레시피,howto,howto,간편한 재료로 만드는 건강한 한식 수프,mistralai/mistral-nemotron,2026-06-02T02:14:18.684529+00:00,publish,96,,1,푸드,요리 팁,S,6
10-cooking-tips-how-to-grill-meat-tasty,10-cooking-tips,10,how-to-grill-meat-tasty,어떻게 구워야 할까 고기,고기 구워지는 법과 맛있게 구우는 방법,howto,howto,구워지는 고기 요리를 위한 팁,mistralai/mistral-nemotron,2026-06-02T02:14:18.684529+00:00,publish,96,,1,푸드,요리 팁,S,7
10-cooking-tips-how-to-prepare-ingredients,10-cooking-tips,10,how-to-prepare-ingredients,재료 손질하는 법,요리 재료 손질하는 법과 팁,howto,howto,재료 손질하는 방법을 배워보자.,mistralai/mistral-nemotron,2026-06-02T02:14:18.684529+00:00,publish,96,,1,푸드,요리 팁,S,8
10-cooking-tips-korean-bread-recipe,10-cooking-tips,10,korean-bread-recipe,한식 빵 레시피,간편한 재료로 만드는 한식 빵 레시피,howto,howto,간편한 재료로 만드는 한식 빵,mistralai/mistral-nemotron,2026-06-02T02:14:18.684529+00:00,publish,96,,1,푸드,요리 팁,S,9
10-cooking-tips-korean-brunch-recipe,10-cooking-tips,10,korean-brunch-recipe,한식 브런치 레시피,간편한 재료로 만드는 한식 브런치 레시피,howto,howto,간편한 재료로 만드는 한식 브런치,mistralai/mistral-nemotron,2026-06-02T02:14:18.684529+00:00,publish,96,,1,푸드,요리 팁,S,10
10-cooking-tips-korean-dessert-recipe,10-cooking-tips,10,korean-dessert-recipe,한식 디저트 레시피,간편한 재료로 만드는 한식 디저트 레시피,howto,howto,간편한 재료로 만드는 한식 디저트,mistralai/mistral-nemotron,2026-06-02T02:14:18.684529+00:00,publish,96,,1,푸드,요리 팁,S,11
10-cooking-tips-korean-kimchi-dumpling-recipe,10-cooking-tips,10,korean-kimchi-dumpling-recipe,한식 김치만두 레시피,간편한 재료로 만드는 한식 김치만두 레시피,howto,howto,간편한 재료로 만드는 한식 김치만두,mistralai/mistral-nemotron,2026-06-02T02:14:18.684529+00:00,publish,96,,1,푸드,요리 팁,S,12
10-baking-guide-almond-powder-baking,10-baking-guide,10,almond-powder-baking,베이킹용 아몬드 파우더 활용법,베이킹용 아몬드 파우더 활용법과 레시피,howto,howto,아몬드 파우더를 활용한 베이킹 방법을 소개합니다.,mistralai/mistral-nemotron,2026-06-02T02:14:18.684529+00:00,publish,96,,1,푸드,베이킹 가이드,S,1
10-baking-guide-baking-butter-tips,10-baking-guide,10,baking-butter-tips,베이킹용 버터 효과적인 활용법,베이킹용 버터 사용법과 효과적인 활용 팁,howto,tip,베이킹용 버터의 정확한 사용량과 활용 방법,mistralai/mistral-nemotron,2026-06-02T02:14:18.684529+00:00,publish,96,,1,푸드,베이킹 가이드,S,2
10-baking-guide-baking-no-rise-tips,10-baking-guide,10,baking-no-rise-tips,베이킹용 무열림 팁과 해결법,베이킹용 무열림 발생 원인과 해결 방법,howto,tip,베이킹에서 발생하는 무열림 현상과 해결 팁,mistralai/mistral-nemotron,2026-06-02T02:14:18.684529+00:00,publish,96,,1,푸드,베이킹 가이드,S,3
10-baking-guide-banana-baking-recipes,10-baking-guide,10,banana-baking-recipes,바나나 베이킹 레시피,바나나 베이킹 레시피: 과숙한 바나나 활용,howto,howto,과숙한 바나나를 활용한 베이킹 레시피를 공유합니다.,mistralai/mistral-nemotron,2026-06-02T02:14:18.684529+00:00,publish,96,,1,푸드,베이킹 가이드,S,4
10-baking-guide-beginner-baking-recipes,10-baking-guide,10,beginner-baking-recipes,베이킹용 초보자용 간단한 레시피,베이킹 초보자용 간단하고 쉬운 레시피 추천,howto,start,베이킹을 처음 시작하는 사람 위한 쉬운 레시피,mistralai/mistral-nemotron,2026-06-02T02:14:18.684529+00:00,publish,96,,1,푸드,베이킹 가이드,S,5
10-baking-guide-beginner-cookie-recipe,10-baking-guide,10,beginner-cookie-recipe,쿠키 베이킹 레시피 초보자,초보자도 쉽게 만드는 쿠키 베이킹 레시피,howto,howto,쿠키 베이킹을 처음 시작하는 사람을 위한 레시피,mistralai/mistral-nemotron,2026-06-02T02:14:18.684529+00:00,publish,96,,1,푸드,베이킹 가이드,S,6
10-baking-guide-cake-decorating-for-beginners,10-baking-guide,10,cake-decorating-for-beginners,케이크 장식하는 법 초보자,초보자도 할 수 있는 케이크 장식 방법,howto,howto,케이크 장식 기초부터 응용까지 단계별 안내,mistralai/mistral-nemotron,2026-06-02T02:14:18.684529+00:00,publish,96,,1,푸드,베이킹 가이드,S,7
10-baking-guide-caramel-sauce-baking,10-baking-guide,10,caramel-sauce-baking,베이킹용 카라멜 소스 활용법,베이킹용 카라멜 소스 활용법과 레시피,howto,howto,카라멜 소스를 활용한 베이킹 방법을 소개합니다.,mistralai/mistral-nemotron,2026-06-02T02:14:18.684529+00:00,publish,96,,1,푸드,베이킹 가이드,S,8
10-baking-guide-cinnamon-baking,10-baking-guide,10,cinnamon-baking,베이킹용 시나몬 활용법,베이킹용 시나몬 활용법과 레시피,howto,howto,시나몬을 활용한 베이킹 방법을 소개합니다.,mistralai/mistral-nemotron,2026-06-02T02:14:18.684529+00:00,publish,96,,1,푸드,베이킹 가이드,S,9
10-baking-guide-cocoa-powder-baking,10-baking-guide,10,cocoa-powder-baking,베이킹용 코코아 파우더 활용법,베이킹용 코코아 파우더 활용법과 레시피,howto,howto,코코아 파우더를 활용한 베이킹 방법을 소개합니다.,mistralai/mistral-nemotron,2026-06-02T02:14:18.684529+00:00,publish,96,,1,푸드,베이킹 가이드,S,10
10-dessert-making-banana-dessert-recipe,10-dessert-making,10,banana-dessert-recipe,바나나 디저트 레시피,바나나로 만드는 다양한 디저트 레시피,howto,howto,바나나를 활용한 다양한 디저트 레시피 모음,mistralai/mistral-nemotron,2026-06-02T02:14:18.684529+00:00,publish,96,,1,푸드,디저트 만들기,A,1
10-dessert-making-bento-dessert-recipe,10-dessert-making,10,bento-dessert-recipe,도시락 디저트 레시피,도시락에 담아가는 간편 디저트 레시피,howto,howto,도시락에 담기 좋은 간편 디저트 레시피 모음,mistralai/mistral-nemotron,2026-06-02T02:14:18.684529+00:00,publish,96,,1,푸드,디저트 만들기,A,2
10-dessert-making-cherry-dessert-recipe,10-dessert-making,10,cherry-dessert-recipe,체리 디저트 레시피,체리로 만드는 상큼한 디저트 레시피,howto,howto,체리를 활용한 다양한 디저트 레시피 모음,mistralai/mistral-nemotron,2026-06-02T02:14:18.684529+00:00,publish,96,,1,푸드,디저트 만들기,A,3
10-dessert-making-chocolate-dessert-recipe,10-dessert-making,10,chocolate-dessert-recipe,초콜릿 디저트 레시피,초콜릿을 활용한 달콤한 디저트 레시피,howto,howto,초콜릿을 활용한 다양한 디저트 레시피 소개,mistralai/mistral-nemotron,2026-06-02T02:14:18.684529+00:00,publish,96,,1,푸드,디저트 만들기,A,4
10-dessert-making-christmas-cake-recipe,10-dessert-making,10,christmas-cake-recipe,크리스마스 케이크 레시피 초보자,초보자도 쉽게 만드는 크리스마스 케이크 레시피,howto,howto,크리스마스 파티에 꼭 필요한 간편 케이크 레시피,mistralai/mistral-nemotron,2026-06-02T02:14:18.684529+00:00,publish,96,,1,푸드,디저트 만들기,A,5
10-dessert-making-coffee-dessert-recipe,10-dessert-making,10,coffee-dessert-recipe,커피 디저트 레시피,커피와 잘 어울리는 디저트 레시피,howto,howto,커피와 잘 어울리는 다양한 디저트 레시피 소개,mistralai/mistral-nemotron,2026-06-02T02:14:18.684529+00:00,publish,96,,1,푸드,디저트 만들기,A,6
10-dessert-making-easy-banana-bread-recipe,10-dessert-making,10,easy-banana-bread-recipe,간편 바나나 브레드 레시피,초보자도 쉽게 만드는 바나나 브레드 레시피,howto,howto,과일로 간편하게 만드는 바나나 브레드,mistralai/mistral-nemotron,2026-06-02T02:14:18.684529+00:00,publish,96,,1,푸드,디저트 만들기,A,7
10-dessert-making-easy-black-forest-cake-recipe,10-dessert-making,10,easy-black-forest-cake-recipe,간편 블랙 포레스트 케이크 레시피,간편 블랙 포레스트 케이크 레시피: 고급스러운 디저트,howto,howto,초콜릿과 체리로 완성하는 블랙 포레스트 케이크,mistralai/mistral-nemotron,2026-06-02T02:14:18.684529+00:00,publish,96,,1,푸드,디저트 만들기,A,8
10-dessert-making-easy-blueberry-dessert,10-dessert-making,10,easy-blueberry-dessert,간편 블루베리 디저트 레시피,간편하게 만드는 블루베리 디저트 레시피,howto,howto,간편하게 만드는 블루베리 디저트 레시피,mistralai/mistral-nemotron,2026-06-02T02:14:18.684529+00:00,publish,96,,1,푸드,디저트 만들기,A,9
10-dessert-making-easy-blueberry-muffin-recipe,10-dessert-making,10,easy-blueberry-muffin-recipe,간편 블루베리 머핀 레시피,간편 블루베리 머핀 레시피: 아침 식사용 간식,howto,howto,신선한 블루베리로 만드는 간편한 머핀,mistralai/mistral-nemotron,2026-06-02T02:14:18.684529+00:00,publish,96,,1,푸드,디저트 만들기,A,10
10-healthy-convenience-food-healthy-breakfast-recipes,10-healthy-convenience-food,10,healthy-breakfast-recipes,간편한 건강 아침식사 레시피,바쁘게 일하는 직장인을 위한 간편한 건강 아침식사 레시피,howto,howto,간편하고 건강한 아침식사 레시피 공유,mistralai/mistral-nemotron,2026-06-02T02:14:18.684529+00:00,publish,96,,1,푸드,건강 간편식,A,1
10-healthy-convenience-food-easy-healthy-bean-dish,10-healthy-convenience-food,10,easy-healthy-bean-dish,간편 건강 콩 요리,간편하게 먹는 건강한 콩 요리 레시피,howto,tip,간편하게 조리할 수 있는 다양한 건강 콩 요리 레시피,mistralai/mistral-nemotron,2026-06-02T02:14:18.684529+00:00,publish,96,,1,푸드,건강 간편식,A,2
10-healthy-convenience-food-easy-healthy-fermented-food,10-healthy-convenience-food,10,easy-healthy-fermented-food,간편 건강 발효 음식,간편하게 먹는 건강한 발효 음식 레시피,howto,tip,간편하게 조리할 수 있는 다양한 건강 발효 음식 레시피,mistralai/mistral-nemotron,2026-06-02T02:14:18.684529+00:00,publish,96,,1,푸드,건강 간편식,A,3
10-healthy-convenience-food-easy-healthy-fish-dish,10-healthy-convenience-food,10,easy-healthy-fish-dish,간편 건강 어류 요리,간편하게 먹는 건강한 어류 요리 레시피,howto,tip,간편하게 조리할 수 있는 다양한 건강 어류 요리 레시피,mistralai/mistral-nemotron,2026-06-02T02:14:18.684529+00:00,publish,96,,1,푸드,건강 간편식,A,4
10-healthy-convenience-food-easy-healthy-grain-dish,10-healthy-convenience-food,10,easy-healthy-grain-dish,간편 건강 곡물 요리,간편하게 먹는 건강한 곡물 요리 레시피,howto,tip,간편하게 조리할 수 있는 다양한 건강 곡물 요리 레시피,mistralai/mistral-nemotron,2026-06-02T02:14:18.684529+00:00,publish,96,,1,푸드,건강 간편식,A,5
10-healthy-convenience-food-easy-healthy-korean-food,10-healthy-convenience-food,10,easy-healthy-korean-food,간편 건강 한식,간편하게 먹는 건강한 한식 레시피,howto,tip,간편하게 조리할 수 있는 다양한 건강 한식 레시피,mistralai/mistral-nemotron,2026-06-02T02:14:18.684529+00:00,publish,96,,1,푸드,건강 간편식,A,6
10-healthy-convenience-food-easy-healthy-meat-dish,10-healthy-convenience-food,10,easy-healthy-meat-dish,간편 건강 육류 요리,간편하게 먹는 건강한 육류 요리 레시피,howto,tip,간편하게 조리할 수 있는 다양한 건강 육류 요리 레시피,mistralai/mistral-nemotron,2026-06-02T02:14:18.684529+00:00,publish,96,,1,푸드,건강 간편식,A,7
10-healthy-convenience-food-easy-healthy-salad,10-healthy-convenience-food,10,easy-healthy-salad,간편 건강 샐러드,간편하게 먹는 건강한 샐러드 레시피,howto,tip,간편하게 조리할 수 있는 다양한 건강 샐러드 레시피,mistralai/mistral-nemotron,2026-06-02T02:14:18.684529+00:00,publish,96,,1,푸드,건강 간편식,A,8
08-skin-type-care-autumn-dry-skin-care,08-skin-type-care,08,autumn-dry-skin-care,가을 건성 피부 관리법,가을철 건성 피부를 위한 관리 팁과 제품 추천,howto,howto,가을철 건성 피부 관리 방법,mistralai/mistral-nemotron,2026-06-02T02:14:18.684529+00:00,publish,96,,1,뷰티,피부 타입별 케어,S,1
08-skin-type-care-freckle-management,08-skin-type-care,08,freckle-management,피부 주근깨 관리법,피부 주근깨를 관리하는 6가지 방법,howto,tip,피부 주근깨를 관리하기 위한 구체적인 방법과 제품 추천,mistralai/mistral-nemotron,2026-06-02T02:14:18.684529+00:00,publish,96,,1,뷰티,피부 타입별 케어,S,2
08-skin-type-care-freckle-skin-care-tips,08-skin-type-care,08,freckle-skin-care-tips,기미 있는 피부 관리법,기미가 있는 피부를 위한 관리 방법과 제품 추천,howto,howto,기미 피부 관리에 효과적인 방법과 제품,mistralai/mistral-nemotron,2026-06-02T02:14:18.684529+00:00,publish,96,,1,뷰티,피부 타입별 케어,S,3
08-skin-type-care-freckles-skin-management,08-skin-type-care,08,freckles-skin-management,주근깨 있는 피부 관리,주근깨 있는 피부 관리하는 방법과 제품 추천,howto,howto,주근깨 있는 피부 관리 방법과 추천 제품을 소개합니다.,mistralai/mistral-nemotron,2026-06-02T02:14:18.684529+00:00,publish,96,,1,뷰티,피부 타입별 케어,S,4
08-skin-type-care-hyperpigmentation-improvement,08-skin-type-care,08,hyperpigmentation-improvement,피부 색소 침착 개선,피부 색소 침착 개선하는 방법과 팁,howto,howto,피부 색소 침착을 개선하는 방법과 팁을 제공합니다.,mistralai/mistral-nemotron,2026-06-02T02:14:18.684529+00:00,publish,96,,1,뷰티,피부 타입별 케어,S,5
08-skin-type-care-hyperpigmentation-management,08-skin-type-care,08,hyperpigmentation-management,피부 색소 침착 관리,피부 색소 침착을 관리하는 6가지 방법,howto,tip,피부 색소 침착을 관리하기 위한 구체적인 방법과 제품 추천,mistralai/mistral-nemotron,2026-06-02T02:14:18.684529+00:00,publish,96,,1,뷰티,피부 타입별 케어,S,6
08-skin-type-care-sensitive-skin-management,08-skin-type-care,08,sensitive-skin-management,포근한 피부 관리법,포근한 피부 관리하는 방법과 팁,howto,howto,포근한 피부를 관리하는 방법과 팁을 알려드립니다.,mistralai/mistral-nemotron,2026-06-02T02:14:18.684529+00:00,publish,96,,1,뷰티,피부 타입별 케어,S,7
08-skin-type-care-skin-care-routine,08-skin-type-care,08,skin-care-routine,피부 관리 루틴,피부 관리 루틴과 효과적인 방법,howto,howto,피부 관리 루틴과 효과적인 방법을 알려드립니다.,mistralai/mistral-nemotron,2026-06-02T02:14:18.684529+00:00,publish,96,,1,뷰티,피부 타입별 케어,S,8
08-skin-type-care-skin-hydration-balance,08-skin-type-care,08,skin-hydration-balance,피부 수분 균형 유지,피부 수분 균형을 유지하는 방법과 팁,howto,howto,피부 수분 균형을 유지하는 방법과 팁을 알려드립니다.,mistralai/mistral-nemotron,2026-06-02T02:14:18.684529+00:00,publish,96,,1,뷰티,피부 타입별 케어,S,9
08-skin-type-care-skin-soothing,08-skin-type-care,08,skin-soothing,피부 진정 관리법,피부 진정하는 방법과 제품 추천,howto,howto,피부를 진정하는 방법과 제품을 안내합니다.,mistralai/mistral-nemotron,2026-06-02T02:14:18.684529+00:00,publish,96,,1,뷰티,피부 타입별 케어,S,10
08-skin-type-care-skin-tone-balancing,08-skin-type-care,08,skin-tone-balancing,피부 색조 균형 잡기,피부 색조를 균형 있게 잡는 5가지 방법,howto,tip,피부 색조를 균형 있게 잡기 위한 구체적인 방법과 제품 추천,mistralai/mistral-nemotron,2026-06-02T02:14:18.684529+00:00,publish,96,,1,뷰티,피부 타입별 케어,S,11
08-skin-type-care-summer-sensitive-skin-care,08-skin-type-care,08,summer-sensitive-skin-care,여름 민감성 피부 관리법,여름철 민감성 피부 관리하는 방법과 제품 추천,howto,tip,민감성 피부를 여름철에 잘 관리하는 실용적 방법,mistralai/mistral-nemotron,2026-06-02T02:14:18.684529+00:00,publish,96,,1,뷰티,피부 타입별 케어,S,12
08-skincare-routine-anti-aging-skin-care-routine,08-skincare-routine,08,anti-aging-skin-care-routine,항노화 스킨케어 루틴,20대부터 준비하는 항노화 스킨케어 루틴 팁,howto,tip,피부 노화를 예방하는 단계별 항노화 스킨케어 방법,mistralai/mistral-nemotron,2026-06-02T02:14:18.684529+00:00,publish,96,,1,뷰티,스킨케어 루틴,S,1
08-skincare-routine-dermatitis-skincare-routine,08-skincare-routine,08,dermatitis-skincare-routine,피부 결막염 예방 스킨케어 루틴,피부 결막염 예방 스킨케어 루틴과 제품 추천,howto,howto,피부 결막염 예방을 위한 스킨케어 루틴,mistralai/mistral-nemotron,2026-06-02T02:14:18.684529+00:00,publish,96,,1,뷰티,스킨케어 루틴,S,2
08-skincare-routine-evening-skincare-routine,08-skincare-routine,08,evening-skincare-routine,밤 스킨케어 루틴,밤 스킨케어 루틴 단계별 방법과 추천 제품,howto,howto,밤에 따라야 할 스킨케어 단계별 가이드,mistralai/mistral-nemotron,2026-06-02T02:14:18.684529+00:00,publish,96,,1,뷰티,스킨케어 루틴,S,3
08-skincare-routine-exfoliation-skin-care-routine,08-skincare-routine,08,exfoliation-skin-care-routine,피부 각질 제거 스킨케어 루틴,피부 각질 제거를 위한 스킨케어 루틴 방법,howto,howto,피부 각질을 효과적으로 제거하는 스킨케어 루틴,mistralai/mistral-nemotron,2026-06-02T02:14:18.684529+00:00,publish,96,,1,뷰티,스킨케어 루틴,S,4
08-skincare-routine-gray-hair-management-skin-care-routine,08-skincare-routine,08,gray-hair-management-skin-care-routine,흰머리 관리 스킨케어 루틴,흰머리 관리에 효과적인 스킨케어 루틴 방법,howto,howto,흰머리 관리에 도움을 주는 스킨케어 루틴 가이드,mistralai/mistral-nemotron,2026-06-02T02:14:18.684529+00:00,publish,96,,1,뷰티,스킨케어 루틴,S,5
08-skincare-routine-low-irritation-skincare-routine,08-skincare-routine,08,low-irritation-skincare-routine,저자극 스킨케어 루틴,저자극 스킨케어 루틴과 민감한 피부를 위한 제품 추천,howto,howto,피부 자극을 최소화하는 스킨케어 루틴,mistralai/mistral-nemotron,2026-06-02T02:14:18.684529+00:00,publish,96,,1,뷰티,스킨케어 루틴,S,6
08-skincare-routine-men-skincare-routine,08-skincare-routine,08,men-skincare-routine,남성 스킨케어 루틴,남성 스킨케어 루틴 단계별 방법과 제품 추천,howto,howto,남성 피부 특성에 맞는 스킨케어 루틴,mistralai/mistral-nemotron,2026-06-02T02:14:18.684529+00:00,publish,96,,1,뷰티,스킨케어 루틴,S,7
08-skincare-routine-morning-office-skin-care,08-skincare-routine,08,morning-office-skin-care,출근 전 스킨케어 루틴,출근 전 5분 스킨케어 루틴과 제품 추천,howto,howto,바쁜 아침에도 간편하게 할 수 있는 스킨케어 방법,mistralai/mistral-nemotron,2026-06-02T02:14:18.684529+00:00,publish,96,,1,뷰티,스킨케어 루틴,S,8
08-skincare-routine-morning-skincare-routine,08-skincare-routine,08,morning-skincare-routine,아침 스킨케어 루틴,아침 스킨케어 루틴 단계별 방법과 추천 제품,howto,howto,아침에 따라야 할 스킨케어 단계별 가이드,mistralai/mistral-nemotron,2026-06-02T02:14:18.684529+00:00,publish,96,,1,뷰티,스킨케어 루틴,S,9
08-skincare-routine-nutrient-cream-skin-care-routine,08-skincare-routine,08,nutrient-cream-skin-care-routine,영양 크림 스킨케어 루틴,영양 크림 사용법과 함께하는 스킨케어 루틴,howto,howto,영양 크림의 효과를 극대화하는 스킨케어 루틴,mistralai/mistral-nemotron,2026-06-02T02:14:18.684529+00:00,publish,96,,1,뷰티,스킨케어 루틴,S,10
08-skincare-routine-oil-cleansing-skin-care-routine,08-skincare-routine,08,oil-cleansing-skin-care-routine,오일 클렌징 스킨케어 루틴,오일 클렌징을 활용한 효과적인 스킨케어 루틴 방법,howto,howto,오일 클렌징으로 피부 청결도 높이는 스킨케어 루틴 가이드,mistralai/mistral-nemotron,2026-06-02T02:14:18.684529+00:00,publish,96,,1,뷰티,스킨케어 루틴,S,11
08-skincare-routine-sensitive-skin-care-routine,08-skincare-routine,08,sensitive-skin-care-routine,예민한 피부 스킨케어 루틴,예민한 피부를 위한 스킨케어 루틴 방법,howto,howto,예민한 피부를 진정시키는 스킨케어 루틴 팁,mistralai/mistral-nemotron,2026-06-02T02:14:18.684529+00:00,publish,96,,1,뷰티,스킨케어 루틴,S,12
08-hair-care-tips-damaged-hair-recovery-tips,08-hair-care-tips,08,damaged-hair-recovery-tips,데미지 머릿결 복구하는 법,손상된 머릿결 복구하기 5가지 방법,howto,howto,손상된 모발을 건강하게 복구하는 방법을 알아봅니다.,mistralai/mistral-nemotron,2026-06-02T02:14:18.684529+00:00,publish,96,,1,뷰티,헤어 케어 팁,S,1
08-hair-care-tips-easy-curling-hair-care,08-hair-care-tips,08,easy-curling-hair-care,이지컬링 머릿결 관리,이지컬링 머릿결 관리하는 4가지 방법,howto,tip,이지컬링 머릿결 건강하게 유지하는 법,mistralai/mistral-nemotron,2026-06-02T02:14:18.684529+00:00,publish,96,,1,뷰티,헤어 케어 팁,S,2
08-hair-care-tips-greasy-hair-management,08-hair-care-tips,08,greasy-hair-management,기름진 머리 관리법,기름진 머릿결 관리하는 6가지 효과적인 방법,howto,tip,지성 머릿결을 건강하게 관리하는 방법,mistralai/mistral-nemotron,2026-06-02T02:14:18.684529+00:00,publish,96,,1,뷰티,헤어 케어 팁,S,3
08-hair-care-tips-hair-color-maintenance-tips,08-hair-care-tips,08,hair-color-maintenance-tips,모발 색상 유지하는 법,모발 색상 유지하는 4가지 팁,howto,tip,모발 색상을 유지하는 방법을 알려드립니다.,mistralai/mistral-nemotron,2026-06-02T02:14:18.684529+00:00,publish,96,,1,뷰티,헤어 케어 팁,S,4
08-hair-care-tips-hair-moisturizer-purchase-tips,08-hair-care-tips,08,hair-moisturizer-purchase-tips,모발 보습 제품 선택법,모발 보습 제품 선택하는 3가지 팁,howto,tip,모발 보습 제품을 선택하는 방법을 알려드립니다.,mistralai/mistral-nemotron,2026-06-02T02:14:18.684529+00:00,publish,96,,1,뷰티,헤어 케어 팁,S,5
08-hair-care-tips-hot-water-hair-washing-method,08-hair-care-tips,08,hot-water-hair-washing-method,머리 감는 온수 사용법,머리 감는 온수 사용법과 주의사항,howto,howto,머리를 감을 때 온수를 사용하는 방법을 알려드립니다.,mistralai/mistral-nemotron,2026-06-02T02:14:18.684529+00:00,publish,96,,1,뷰티,헤어 케어 팁,S,6
08-hair-care-tips-natural-hair-curling,08-hair-care-tips,08,natural-hair-curling,자연 모발 컬링 하는 법,자연 모발 컬링 하는 법과 관리,howto,howto,화학 처리 없이 머리 컬링하는 방법과 유지법,mistralai/mistral-nemotron,2026-06-02T02:14:18.684529+00:00,publish,96,,1,뷰티,헤어 케어 팁,S,7
08-hair-care-tips-onion-juice-hair-growth,08-hair-care-tips,08,onion-juice-hair-growth,양파 주스로 모발성장,양파 주스로 모발성장하는 방법과 주의점,howto,howto,양파 주스로 모발 건강 증진하는 절차,mistralai/mistral-nemotron,2026-06-02T02:14:18.684529+00:00,publish,96,,1,뷰티,헤어 케어 팁,S,8
08-hair-care-tips-scalp-care-for-hair,08-hair-care-tips,08,scalp-care-for-hair,모발 건강을 위한 두피 관리법,모발 건강을 위한 두피 관리법,howto,howto,두피 건강에 좋은 관리 방법,mistralai/mistral-nemotron,2026-06-02T02:14:18.684529+00:00,publish,96,,1,뷰티,헤어 케어 팁,S,9
08-hair-care-tips-scalp-itch-relief-methods,08-hair-care-tips,08,scalp-itch-relief-methods,두피 가려움증 완화하는 법,두피 가려움증 완화를 위한 6가지 팁,howto,tip,두피 가려움증을 완화하는 방법을 소개합니다.,mistralai/mistral-nemotron,2026-06-02T02:14:18.684529+00:00,publish,96,,1,뷰티,헤어 케어 팁,S,10
08-makeup-tutorial-become-a-makeup-artist,08-makeup-tutorial,08,become-a-makeup-artist,메이크업 예술가 되는 법,메이크업 예술가가 되기 위한 방법과 과정,howto,howto,메이크업 예술가로 성장하는 방법,mistralai/mistral-nemotron,2026-06-02T02:14:18.684529+00:00,publish,96,,1,뷰티,메이크업 튜토리얼,S,1
08-makeup-tutorial-cool-summer-makeup-recipe,08-makeup-tutorial,08,cool-summer-makeup-recipe,시원한 메이크업 레시피,여름 더위를 틀어막는 시원한 메이크업 레시피,howto,howto,더위를 즐겁게 견디는 메이크업 팁,mistralai/mistral-nemotron,2026-06-02T02:14:18.684529+00:00,publish,96,,1,뷰티,메이크업 튜토리얼,S,2
08-makeup-tutorial-copy-celebrity-makeup,08-makeup-tutorial,08,copy-celebrity-makeup,연예인 메이크업 복사하기,연예인 메이크업 스타일 복사하는 방법,howto,howto,연예인 메이크업 스타일을 따라하는 방법,mistralai/mistral-nemotron,2026-06-02T02:14:18.684529+00:00,publish,96,,1,뷰티,메이크업 튜토리얼,S,3
08-makeup-tutorial-daily-makeup-for-beginners,08-makeup-tutorial,08,daily-makeup-for-beginners,매일 화장법 초보 위한,매일 하는 메이크업법 초보자도 완벽하게 하는 방법,howto,howto,메이크업 초보자도 쉽게 따라할 수 있는 매일 화장법,mistralai/mistral-nemotron,2026-06-02T02:14:18.684529+00:00,publish,96,,1,뷰티,메이크업 튜토리얼,S,4
08-makeup-tutorial-face-line-correction-makeup,08-makeup-tutorial,08,face-line-correction-makeup,메이크업으로 얼굴 라인 교정하기,메이크업으로 얼굴 라인 교정하는 방법,howto,tip,메이크업으로 얼굴 라인을 교정하는 기법,mistralai/mistral-nemotron,2026-06-02T02:14:18.684529+00:00,publish,96,,1,뷰티,메이크업 튜토리얼,S,5
08-makeup-tutorial-instagram-makeup-filter,08-makeup-tutorial,08,instagram-makeup-filter,인스타그램 메이크업 필터처럼,인스타그램 필터 같은 메이크업 하는 방법,howto,howto,인스타그램 메이크업 필터를 재현하는 방법,mistralai/mistral-nemotron,2026-06-02T02:14:18.684529+00:00,publish,96,,1,뷰티,메이크업 튜토리얼,S,6
08-makeup-tutorial-lipstick-removal-technique,08-makeup-tutorial,08,lipstick-removal-technique,립스틱 오프하는 법,완벽하게 지우는 립스틱 오프하는 방법,howto,howto,립스틱을 깔끔하게 지우는 방법,mistralai/mistral-nemotron,2026-06-02T02:14:18.684529+00:00,publish,96,,1,뷰티,메이크업 튜토리얼,S,7
08-makeup-tutorial-long-lasting-makeup-tips,08-makeup-tutorial,08,long-lasting-makeup-tips,메이크업 오래 유지하기,메이크업이 오래 가는 비밀과 팁,howto,tip,메이크업이 오래 가도록 하는 방법,mistralai/mistral-nemotron,2026-06-02T02:14:18.684529+00:00,publish,96,,1,뷰티,메이크업 튜토리얼,S,8
08-makeup-tutorial-makeup-brush-cleaning,08-makeup-tutorial,08,makeup-brush-cleaning,메이크업 브러시 세척법,메이크업 브러시 세척법과 관리하는 방법,howto,howto,메이크업 브러시의 세척과 관리 방법,mistralai/mistral-nemotron,2026-06-02T02:14:18.684529+00:00,publish,96,,1,뷰티,메이크업 튜토리얼,S,9
08-makeup-tutorial-makeup-brush-guide,08-makeup-tutorial,08,makeup-brush-guide,메이크업 브러시 사용법,메이크업 브러시별 사용법과 관리 방법,howto,howto,메이크업 브러시 사용법과 관리 방법,mistralai/mistral-nemotron,2026-06-02T02:14:18.684529+00:00,publish,96,,1,뷰티,메이크업 튜토리얼,S,10
08-cosmetic-ingredient-analysis-cosmetic-ingredient-expiry-date,08-cosmetic-ingredient-analysis,08,cosmetic-ingredient-expiry-date,화장품 성분 유통기한,화장품 성분 유통기한 확인과 보관법,howto,tip,화장품 성분 유통기한 확인과 보관법,mistralai/mistral-nemotron,2026-06-02T02:14:18.684529+00:00,publish,96,,1,뷰티,화장품 성분 분석,A,1
08-cosmetic-ingredient-analysis-cosmetic-ingredient-harmfulness-test,08-cosmetic-ingredient-analysis,08,cosmetic-ingredient-harmfulness-test,화장품 성분 유해성 검사,화장품 성분 유해성 검사 방법과 주의사항,howto,howto,화장품 성분의 유해성을 검사하는 방법,mistralai/mistral-nemotron,2026-06-02T02:14:18.684529+00:00,publish,96,,1,뷰티,화장품 성분 분석,A,2
08-cosmetic-ingredient-analysis-cosmetic-ingredient-niacinamide-2,08-cosmetic-ingredient-analysis,08,cosmetic-ingredient-niacinamide-2,화장품 성분 니아신아마이드 사용법,화장품 성분 니아신아마이드 사용법과 주의사항,howto,howto,화장품 성분 니아신아마이드의 올바른 사용법과 주의사항 알기,mistralai/mistral-nemotron,2026-06-02T02:14:18.684529+00:00,publish,96,,1,뷰티,화장품 성분 분석,A,3
08-cosmetic-ingredient-analysis-cosmetic-ingredient-safety,08-cosmetic-ingredient-analysis,08,cosmetic-ingredient-safety,화장품 성분 안전성,화장품 성분 안전성 검증 방법,howto,howto,화장품 성분 안전성 검증 방법,mistralai/mistral-nemotron,2026-06-02T02:14:18.684529+00:00,publish,96,,1,뷰티,화장품 성분 분석,A,4
08-cosmetic-ingredient-analysis-cosmetic-ingredient-test,08-cosmetic-ingredient-analysis,08,cosmetic-ingredient-test,화장품 성분 테스트,화장품 성분 테스트 방법과 결과 해석,howto,howto,화장품 성분 테스트 방법과 결과 해석,mistralai/mistral-nemotron,2026-06-02T02:14:18.684529+00:00,publish,96,,1,뷰티,화장품 성분 분석,A,5
08-cosmetic-ingredient-analysis-retinol-alternative-replacement,08-cosmetic-ingredient-analysis,08,retinol-alternative-replacement,화장품 성분 레티놀 대체 성분,레티놀 대체 성분으로 화장품 성분 교체하는 방법,howto,howto,레티놀 대체 성분으로 화장품 성분을 교체하는 방법을 안내합니다.,mistralai/mistral-nemotron,2026-06-02T02:14:18.684529+00:00,publish,96,,1,뷰티,화장품 성분 분석,A,6
08-cosmetic-ingredient-analysis-adenosine-niacinamide-usage,08-cosmetic-ingredient-analysis,08,adenosine-niacinamide-usage,화장품 성분 아데노신과 니아신아마이드 함께 사용,아데노신과 니아신아마이드 함께 사용할 때 효과와 주의사항,info,tip,아데노신과 니아신아마이드를 함께 사용할 때 효과와 주의사항을 설명합니다.,mistralai/mistral-nemotron,2026-06-02T02:14:18.684529+00:00,publish,90,,1,뷰티,화장품 성분 분석,A,7
08-cosmetic-ingredient-analysis-cosmetic-chemist-comparison,08-cosmetic-ingredient-analysis,08,cosmetic-chemist-comparison,화장품 성분 코스메틱 케미스트 비교,화장품 성분 분석 코스메틱 케미스트 추천과 비교,compare,compare,화장품 성분 분석을 전문으로 하는 코스메틱 케미스트 서비스를 비교합니다.,mistralai/mistral-nemotron,2026-06-02T02:14:18.684529+00:00,publish,90,,1,뷰티,화장품 성분 분석,A,8
13-dog-health-dog-abdominal-pain-relief,13-dog-health,13,dog-abdominal-pain-relief,강아지 복통 완화법,강아지 복통 완화법과 원인 탐구 방법,howto,howto,강아지 복통의 원인과 완화 방법 및 예방법,mistralai/mistral-nemotron,2026-06-04T01:15:00.927640+00:00,publish,96,,1,펫,강아지 건강,S,1
13-dog-health-dog-aging-signs-care,13-dog-health,13,dog-aging-signs-care,강아지 노화 신호와 관리법,강아지 노화 신호와 건강한 늙음 관리 방법,howto,tip,강아지 노화 신호와 건강 관리 방법,mistralai/mistral-nemotron,2026-06-04T01:15:00.927640+00:00,publish,96,,1,펫,강아지 건강,S,2
13-dog-health-dog-temperature-measurement,13-dog-health,13,dog-temperature-measurement,강아지 체온 측정 위치,강아지 체온 측정 위치와 정확한 방법,howto,howto,강아지 체온 측정 위치와 정확한 방법,mistralai/mistral-nemotron,2026-06-04T01:15:00.927640+00:00,publish,96,,1,펫,강아지 건강,S,3
13-dog-health-dog-dementia-prevention,13-dog-health,13,dog-dementia-prevention,강아지 치매 예방법,강아지 치매를 예방하는 방법과 관리 팁,howto,tip,강아지 치매를 예방하고 관리하기 위한 팁,mistralai/mistral-nemotron,2026-06-04T01:15:00.927640+00:00,publish,96,,1,펫,강아지 건강,S,4
13-dog-health-dog-dental-care-awareness,13-dog-health,13,dog-dental-care-awareness,강아지 치아 건강 인식기간,강아지 치아 건강 인식기간과 올바른 관리법,howto,tip,강아지 치아 건강 인식기간과 관리에 대한 가이드,mistralai/mistral-nemotron,2026-06-04T01:15:00.927640+00:00,publish,96,,1,펫,강아지 건강,S,5
13-dog-health-dog-diabetes-management,13-dog-health,13,dog-diabetes-management,강아지 당뇨병 관리,강아지 당뇨병 관리 방법과 식사 요령,howto,howto,강아지 당뇨병의 증상과 식사 관리 방법,mistralai/mistral-nemotron,2026-06-04T01:15:00.927640+00:00,publish,96,,1,펫,강아지 건강,S,6
13-dog-health-dog-dry-skin-care,13-dog-health,13,dog-dry-skin-care,강아지 건조한 피부 관리법,강아지 건조한 피부 관리법과 추천 제품,howto,tip,강아지 건조한 피부 관리 방법과 제품 추천,mistralai/mistral-nemotron,2026-06-04T01:15:00.927640+00:00,publish,96,,1,펫,강아지 건강,S,7
13-dog-health-dog-dry-skin-solutions,13-dog-health,13,dog-dry-skin-solutions,강아지 피부 건조해소법,강아지 피부 건조증상 완화하는 방법,howto,tip,강아지 피부 건조를 완화하는 실용적인 방법,mistralai/mistral-nemotron,2026-06-04T01:15:00.927640+00:00,publish,96,,1,펫,강아지 건강,S,8
13-dog-health-dog-ear-health-care,13-dog-health,13,dog-ear-health-care,강아지 귀 건강 관리,강아지 귀 건강을 유지하는 방법,howto,howto,강아지 귀 건강을 유지하기 위한 실용적인 방법,mistralai/mistral-nemotron,2026-06-04T01:15:00.927640+00:00,publish,96,,1,펫,강아지 건강,S,9
13-dog-health-dog-eye-disease-prevention,13-dog-health,13,dog-eye-disease-prevention,강아지 눈질환 예방법,강아지 눈질환 예방법과 건강한 눈 관리 방법,howto,start,강아지의 눈 건강을 유지하는 방법과 예방법,mistralai/mistral-nemotron,2026-06-04T01:15:00.927640+00:00,publish,96,,1,펫,강아지 건강,S,10
13-dog-health-dog-gastroenteritis-diagnosis,13-dog-health,13,dog-gastroenteritis-diagnosis,강아지 장염 진단과 치료,강아지 장염 진단법과 효과적인 치료 방법,howto,tip,강아지 장염의 원인과 치료법 및 예방 방법,mistralai/mistral-nemotron,2026-06-04T01:15:00.927640+00:00,publish,96,,1,펫,강아지 건강,S,11
13-dog-health-dog-glucose-management,13-dog-health,13,dog-glucose-management,강아지 포도당 관리법,강아지 포도당 관리법과 건강한 식사 방법,howto,howto,강아지의 포도당을 관리하는 방법과 식사 팁,mistralai/mistral-nemotron,2026-06-04T01:15:00.927640+00:00,publish,96,,1,펫,강아지 건강,S,12
13-cat-food-cat-food-calculator,13-cat-food,13,cat-food-calculator,고양이 사료 계산기,고양이 사료 계산기: 하루 필요량 계산 방법,howto,howto,고양이 사료 하루 필요량을 계산하는 방법을 알려드립니다.,mistralai/mistral-nemotron,2026-06-04T01:15:00.927640+00:00,publish,96,,1,펫,고양이 사료,S,1
13-cat-food-cat-food-digestion-problem,13-cat-food,13,cat-food-digestion-problem,고양이 사료 소화 안될 때,고양이 사료 소화 안될 때 대처법: 소화율·섞어먹는 방법,howto,tip,고양이 사료 소화 문제를 해결하는 방법,mistralai/mistral-nemotron,2026-06-04T01:15:00.927640+00:00,publish,96,,1,펫,고양이 사료,S,2
13-cat-food-cat-food-flavor-choice,13-cat-food,13,cat-food-flavor-choice,고양이 사료 좋아하는 맛 선택법,고양이가 좋아하는 사료 맛 고르는 팁,howto,tip,고양이가 선호하는 사료 맛을 선택하는 팁을 제공합니다.,mistralai/mistral-nemotron,2026-06-04T01:15:00.927640+00:00,publish,96,,1,펫,고양이 사료,S,3
13-cat-food-cat-food-free-trial,13-cat-food,13,cat-food-free-trial,고양이 사료 무료 체험단,고양이 사료 무료 체험단 신청 방법과 후기,howto,tip,고양이 사료 무료 체험단 신청 방법과 체험 후기를 알려드립니다.,mistralai/mistral-nemotron,2026-06-04T01:15:00.927640+00:00,publish,96,,1,펫,고양이 사료,S,4
13-cat-food-cat-food-homemade,13-cat-food,13,cat-food-homemade,고양이 사료 자사제,고양이 사료 자사제 방법: 집에서 직접 만드는 법,howto,howto,고양이 사료를 집에서 직접 만드는 방법을 알려드립니다.,mistralai/mistral-nemotron,2026-06-04T01:15:00.927640+00:00,publish,96,,1,펫,고양이 사료,S,5
13-cat-food-cat-food-ingredient-check,13-cat-food,13,cat-food-ingredient-check,고양이 사료 성분 체크하는 법,고양이 사료 성분 어떻게 확인할까? 칼로리·영양소 분석 방법,howto,howto,고양이 사료 성분을 정확하게 확인하는 단계별 방법,mistralai/mistral-nemotron,2026-06-04T01:15:00.927640+00:00,publish,96,,1,펫,고양이 사료,S,6
13-cat-food-cat-food-spoilage-check,13-cat-food,13,cat-food-spoilage-check,고양이 사료 변질 확인법,고양이 사료 변질 여부 확인하기: 냄새·색상·날짜 검사 방법,howto,howto,고양이 사료가 상했는지 확인하는 3가지 방법,mistralai/mistral-nemotron,2026-06-04T01:15:00.927640+00:00,publish,96,,1,펫,고양이 사료,S,7
13-cat-food-cat-food-storage,13-cat-food,13,cat-food-storage,고양이 사료 보관법,고양이 사료 보관법: 신선하게 유지하는 방법,howto,tip,고양이 사료를 신선하게 보관하는 방법을 알려드립니다.,mistralai/mistral-nemotron,2026-06-04T01:15:00.927640+00:00,publish,96,,1,펫,고양이 사료,S,8
13-cat-food-cat-food-storage-method,13-cat-food,13,cat-food-storage-method,고양이 사료 보관 장소,고양이 사료 올바른 보관법: 습기·온도·광선 관리 방법,howto,tip,고양이 사료를 신선하게 유지하는 보관 팁,mistralai/mistral-nemotron,2026-06-04T01:15:00.927640+00:00,publish,96,,1,펫,고양이 사료,S,9
13-cat-food-cat-food-urinary-health,13-cat-food,13,cat-food-urinary-health,고양이 사료 소변 건강 관리,고양이 사료로 소변 건강 관리: 결석·감염 예방법,howto,tip,소변 건강을 관리하는 고양이 사료 선택 방법,mistralai/mistral-nemotron,2026-06-04T01:15:00.927640+00:00,publish,96,,1,펫,고양이 사료,S,10
13-cat-food-cat-food-weight-management,13-cat-food,13,cat-food-weight-management,고양이 사료 무게 관리,고양이 사료 양 조절법: 무게 증가 방지 및 건강한 식습관,howto,tip,고양이의 무게를 관리하는 사료 양 조절 팁,mistralai/mistral-nemotron,2026-06-04T01:15:00.927640+00:00,publish,96,,1,펫,고양이 사료,S,11
13-cat-food-cat-weight-management,13-cat-food,13,cat-weight-management,고양이 사료 무게 증가 관리법,고양이 사료로 체중 관리하는 방법,howto,tip,고양이 사료로 체중을 관리하는 방법을 설명합니다.,mistralai/mistral-nemotron,2026-06-04T01:15:00.927640+00:00,publish,96,,1,펫,고양이 사료,S,12
13-dog-training-dog-barking-habit-fix,13-dog-training,13,dog-barking-habit-fix,강아지 짖는 습관 고치는 법,강아지 짖는 습관 고치는 법 | 과도한 짖음 해결 방법,howto,tip,강아지가 과도하게 짖는 습관을 고치는 방법을 안내합니다.,mistralai/mistral-nemotron,2026-06-04T01:15:00.927640+00:00,publish,96,,1,펫,강아지 훈련,S,1
13-dog-training-dog-impulsive-habit-fix,13-dog-training,13,dog-impulsive-habit-fix,강아지 충동성 습관 고치는 법,강아지 충동성 습관 고치는 법 | 충동적인 행동을 줄이는 방법,howto,tip,강아지가 충동성 습관을 고치는 방법을 안내합니다.,mistralai/mistral-nemotron,2026-06-04T01:15:00.927640+00:00,publish,96,,1,펫,강아지 훈련,S,2
13-dog-training-dog-jumping-habit-fix,13-dog-training,13,dog-jumping-habit-fix,강아지 무단 흔들어 대는 습관 고치는 법,강아지 무단 흔들어 대는 습관 고치는 법 | 손님과 친절하게 지내는 방법,howto,tip,강아지가 무단으로 흔들어 대는 습관을 고치는 방법을 안내합니다.,mistralai/mistral-nemotron,2026-06-04T01:15:00.927640+00:00,publish,96,,1,펫,강아지 훈련,S,3
13-dog-training-dog-potty-training-retry,13-dog-training,13,dog-potty-training-retry,강아지 배변 훈련 실패 시 재훈련,강아지 배변 훈련 실패 시 재훈련 하는 방법,howto,howto,강아지 배변 훈련 실패 시 재훈련 하는 방법을 알려드립니다.,mistralai/mistral-nemotron,2026-06-04T01:15:00.927640+00:00,publish,96,,1,펫,강아지 훈련,S,4
13-dog-training-dog-reaction-control-training,13-dog-training,13,dog-reaction-control-training,강아지 산책 중 다른 강아지 만날 때 반응 조절 훈련,강아지 산책 중 다른 강아지 만날 때 반응 조절 훈련 방법,howto,howto,강아지 산책 중 다른 강아지 만날 때 반응 조절 훈련 방법을 소개합니다.,mistralai/mistral-nemotron,2026-06-04T01:15:00.927640+00:00,publish,96,,1,펫,강아지 훈련,S,5
13-dog-training-dog-separation-anxiety-training,13-dog-training,13,dog-separation-anxiety-training,강아지 혼자 있는 분리 불안훈련,강아지 혼자 있는 분리 불안 훈련 방법,howto,howto,강아지 혼자 있는 분리 불안 훈련하는 방법을 알려드립니다.,mistralai/mistral-nemotron,2026-06-04T01:15:00.927640+00:00,publish,96,,1,펫,강아지 훈련,S,6
13-dog-training-dog-training-dangerous-habit-correction,13-dog-training,13,dog-training-dangerous-habit-correction,강아지 훈련 시 위험한 습관 교정,강아지 훈련 시 위험한 습관 교정 방법,howto,howto,강아지 훈련 시 위험한 습관을 교정하는 방법을 안내합니다.,mistralai/mistral-nemotron,2026-06-04T01:15:00.927640+00:00,publish,96,,1,펫,강아지 훈련,S,7
13-dog-training-dog-training-effective-treat-usage,13-dog-training,13,dog-training-effective-treat-usage,강아지 훈련 시 가장 효과적인 간식 사용법,강아지 훈련 시 가장 효과적인 간식 사용법과 팁,howto,tip,강아지 훈련 시 가장 효과적인 간식 사용법과 팁을 알려드립니다.,mistralai/mistral-nemotron,2026-06-04T01:15:00.927640+00:00,publish,96,,1,펫,강아지 훈련,S,8
13-dog-training-dog-training-failure-handling,13-dog-training,13,dog-training-failure-handling,강아지 훈련 시 실패 시 대처법,강아지 훈련 시 실패 시 대처법과 팁,howto,tip,강아지 훈련 시 실패 시 대처법과 팁을 안내합니다.,mistralai/mistral-nemotron,2026-06-04T01:15:00.927640+00:00,publish,96,,1,펫,강아지 훈련,S,9
13-dog-training-dog-training-important-overlooked-parts,13-dog-training,13,dog-training-important-overlooked-parts,강아지 훈련 시 가장 중요하지만 간과하기 쉬운 부분,강아지 훈련 시 가장 중요하지만 간과하기 쉬운 부분과 팁,howto,tip,강아지 훈련 시 가장 중요하지만 간과하기 쉬운 부분과 팁을 안내합니다.,mistralai/mistral-nemotron,2026-06-04T01:15:00.927640+00:00,publish,96,,1,펫,강아지 훈련,S,10
13-pet-care-tips-cat-adoption-checklist,13-pet-care-tips,13,cat-adoption-checklist,고양이 입양 전 꼼꼼히 확인할 사항,고양이 입양 전 꼼꼼히 확인해야 할 점,checklist,tip,고양이를 입양하기 전에 꼭 확인해야 할 사항을 알려드립니다.,mistralai/mistral-nemotron,2026-06-04T01:15:00.927640+00:00,publish,96,,1,펫,펫 케어 팁,S,1
13-pet-care-tips-cat-beach-travel,13-pet-care-tips,13,cat-beach-travel,고양이 바다여행 필수템과 안전팁,고양이 바다여행 필수템과 안전 관리 팁,howto,tip,고양이와 함께 바다 여행할 때 필요한 필수템과 안전 환경을 만드는 방법을 알려드립니다.,mistralai/mistral-nemotron,2026-06-04T01:15:00.927640+00:00,publish,96,,1,펫,펫 케어 팁,S,2
13-pet-care-tips-cat-dental-care,13-pet-care-tips,13,cat-dental-care,고양이 이빨 관리,고양이 이빨 관리 방법과 주의사항,howto,tip,고양이 이빨 관리에 대한 실용적인 조언,mistralai/mistral-nemotron,2026-06-04T01:15:00.927640+00:00,publish,96,,1,펫,펫 케어 팁,S,3
13-pet-care-tips-cat-hair-management-without-bath,13-pet-care-tips,13,cat-hair-management-without-bath,고양이 목욕 없이 털 관리법,고양이 목욕 없이 털 관리하는 방법,howto,howto,고양이 목욕 없이 효과적인 털 관리 기법,mistralai/mistral-nemotron,2026-06-04T01:15:00.927640+00:00,publish,96,,1,펫,펫 케어 팁,S,4
13-pet-care-tips-cat-hairball-prevention,13-pet-care-tips,13,cat-hairball-prevention,고양이 털실림 방지법,고양이 털실림을 예방하는 방법과 조언,howto,tip,고양이 털실림을 방지하는 실용적인 방법,mistralai/mistral-nemotron,2026-06-04T01:15:00.927640+00:00,publish,96,,1,펫,펫 케어 팁,S,5
13-pet-care-tips-cat-litter-training,13-pet-care-tips,13,cat-litter-training,고양이 화장실 교육,고양이 화장실 교육 성공하는 꿀팁,howto,tip,고양이 화장실 교육 방법을 단계별로 안내,mistralai/mistral-nemotron,2026-06-04T01:15:00.927640+00:00,publish,96,,1,펫,펫 케어 팁,S,6
13-pet-care-tips-cat-new-home-syndrome,13-pet-care-tips,13,cat-new-home-syndrome,고양이 새집 증후군 극복하기,고양이 새집 증후군 극복하는 팁,howto,tip,고양이의 새집 증후군을 극복하는 방법을 알려드립니다.,mistralai/mistral-nemotron,2026-06-04T01:15:00.927640+00:00,publish,96,,1,펫,펫 케어 팁,S,7
13-pet-care-tips-cat-separation-anxiety-tips,13-pet-care-tips,13,cat-separation-anxiety-tips,고양이 분리 불안증 대처법,고양이 분리 불안증을 완화하는 방법,howto,tip,고양이 분리 불안증을 완화하는 조언,mistralai/mistral-nemotron,2026-06-04T01:15:00.927640+00:00,publish,96,,1,펫,펫 케어 팁,S,8
13-pet-care-tips-cat-stress-relief,13-pet-care-tips,13,cat-stress-relief,고양이 스트레스 해소법,고양이 스트레스를 줄이는 실용적인 방법,howto,tip,고양이 스트레스를 해소하는 팁,mistralai/mistral-nemotron,2026-06-04T01:15:00.927640+00:00,publish,96,,1,펫,펫 케어 팁,S,9
13-pet-care-tips-cat-stretching-neck-prevention,13-pet-care-tips,13,cat-stretching-neck-prevention,고양이 목매는 습관 완화방법,고양이 목매는 습관 완화하는 방법,howto,howto,고양이 목매는 습관 줄이는 효과적인 방법,mistralai/mistral-nemotron,2026-06-04T01:15:00.927640+00:00,publish,96,,1,펫,펫 케어 팁,S,10
13-pet-hospital-dog-vaccination-schedule,13-pet-hospital,13,dog-vaccination-schedule,강아지 예방접종 일정표,강아지 예방접종 일정표와 유의사항,howto,howto,강아지 예방접종 시기와 주의사항,mistralai/mistral-nemotron,2026-06-04T01:15:00.927640+00:00,publish,96,,1,펫,반려동물 병원,A,1
13-pet-hospital-cat-leg-injury-first-aid,13-pet-hospital,13,cat-leg-injury-first-aid,고양이 다리 다쳤을 때 응급처치,고양이 다리 다쳤을 때 응급처치: 집에서 할 수 있는 방법,howto,howto,고양이 다리 다쳤을 때 응급처치 방법과 주의사항,mistralai/mistral-nemotron,2026-06-04T01:15:00.927640+00:00,publish,96,,1,펫,반려동물 병원,A,2
13-pet-hospital-cat-obesity-checklist,13-pet-hospital,13,cat-obesity-checklist,고양이 비만 체크 리스트,고양이 비만 체크 리스트와 건강 관리 방법,checklist,tip,고양이 비만 체크 리스트와 건강 관리 방법,mistralai/mistral-nemotron,2026-06-04T01:15:00.927640+00:00,publish,96,,1,펫,반려동물 병원,A,3
13-pet-hospital-cat-seizure-medicine-side-effect,13-pet-hospital,13,cat-seizure-medicine-side-effect,고양이 간질약 부작용,고양이 간질약 부작용과 주의사항,howto,howto,고양이 간질약 부작용과 주의사항,mistralai/mistral-nemotron,2026-06-04T01:15:00.927640+00:00,publish,96,,1,펫,반려동물 병원,A,4
13-pet-hospital-dog-seizure-emergency,13-pet-hospital,13,dog-seizure-emergency,강아지 간질발작 응급조치,강아지 간질발작 응급조치 방법과 주의사항,howto,howto,강아지 간질발작 발생 시 응급조치 방법과 주의사항,mistralai/mistral-nemotron,2026-06-04T01:15:00.927640+00:00,publish,96,,1,펫,반려동물 병원,A,5
13-pet-hospital-pet-emergency-room-checklist,13-pet-hospital,13,pet-emergency-room-checklist,반려동물 응급실 가기 전 체크리스트,반려동물 응급실 가기 전 체크리스트: 필수 준비물,checklist,tip,반려동물 응급실 방문 전 체크리스트와 준비물,mistralai/mistral-nemotron,2026-06-04T01:15:00.927640+00:00,publish,96,,1,펫,반려동물 병원,A,6
13-pet-hospital-cat-allergy-diagnosis,13-pet-hospital,13,cat-allergy-diagnosis,고양이 알레르기 진단 방법,고양이 알레르기 진단 방법과 치료 옵션,howto,howto,고양이 알레르기 진단 방법과 치료 옵션,mistralai/mistral-nemotron,2026-06-04T01:15:00.927640+00:00,publish,92,,1,펫,반려동물 병원,A,7
13-pet-hospital-cat-seizure-emergency,13-pet-hospital,13,cat-seizure-emergency,고양이 간질 응급처치 방법,고양이 간질 응급처치 방법과 병원 가기 전 체크리스트,howto,howto,고양이 간질 응급처치 방법과 병원 가기 전 체크리스트,mistralai/mistral-nemotron,2026-06-04T01:15:00.927640+00:00,publish,92,,1,펫,반려동물 병원,A,8
