blog_id,log_no,title,author,published_at,image_count,path,url
chummilmil99,224295273021,"""불과 2년 전에"" 환희 엄마.. 아빠와 이혼한 이유 (살림하는남자들2 토요일예능)","신고하기",2026-05-24,20,chummilmil99_224295273021,https://blog.naver.com/chummilmil99/224295273021
chummilmil99,224295273021,"""불과 2년 전에"" 환희 엄마.. 아빠와 이혼한 이유 (살림하는남자들2 토요일예능)","북커크",2026-05-24,20,chummilmil99_224295273021,https://blog.naver.com/chummilmil99/224295273021
chummilmil99,224295273021,"""불과 2년 전에"" 환희 엄마.. 아빠와 이혼한 이유 (살림하는남자들2 토요일예능)","북커크",2026-05-24,20,chummilmil99_224295273021,https://blog.naver.com/chummilmil99/224295273021
chummilmil99,224295273021,"""불과 2년 전에"" 환희 엄마.. 아빠와 이혼한 이유 (살림하는남자들2 토요일예능)","북커크",2026-05-24,20,chummilmil99_224295273021,https://blog.naver.com/chummilmil99/224295273021
hot-trend-hot,224293943153,"나는솔로 31기 영식 정희 버리고 결국 정숙과 현커 확정! 이촌동 한강 데이트 목격담이 찐이었다","솔로달빛",2026-05-23,12,hot-trend-hot_224293943153,https://blog.naver.com/hot-trend-hot/224293943153
chummilmil99,224295273021,"""불과 2년 전에"" 환희 엄마.. 아빠와 이혼한 이유 (살림하는남자들2 토요일예능)","북커크",2026-05-24,23,chummilmil99_224295273021,https://blog.naver.com/chummilmil99/224295273021
hot-trend-hot,224293364361,"나는솔로 31기 영숙 '진짜 빌런은 순자' 폭로글 저격 해명글 썼다 바로 삭제한 이유 적반하장 폭로","솔로달빛",2026-05-22,15,hot-trend-hot_224293364361,https://blog.naver.com/hot-trend-hot/224293364361
hot-trend-hot,224295480667,"나는솔로 31기 옥순 영호 '이미 울산 신혼 동거중' 이마트 장보기 딱 걸린 현장 현커 심야 데이트 포착","솔로달빛",2026-05-25,23,hot-trend-hot_224295480667,https://blog.naver.com/hot-trend-hot/224295480667
chummilmil99,224295273021,"""불과 2년 전에"" 환희 엄마.. 아빠와 이혼한 이유 (살림하는남자들2 토요일예능)","북커크",2026-05-24,23,chummilmil99_224295273021,https://blog.naver.com/chummilmil99/224295273021
hot-trend-hot,224293364361,"나는솔로 31기 영숙 '진짜 빌런은 순자' 폭로글 저격 해명글 썼다 바로 삭제한 이유 적반하장 폭로","솔로달빛",2026-05-22,15,hot-trend-hot_224293364361,https://blog.naver.com/hot-trend-hot/224293364361
hot-trend-hot,224295480667,"나는솔로 31기 옥순 영호 '이미 울산 신혼 동거중' 이마트 장보기 딱 걸린 현장 현커 심야 데이트 포착","솔로달빛",2026-05-25,23,hot-trend-hot_224295480667,https://blog.naver.com/hot-trend-hot/224295480667
hot-trend-hot,224293364361,"나는솔로 31기 영숙 '진짜 빌런은 순자' 폭로글 저격 해명글 썼다 바로 삭제한 이유 적반하장 폭로","솔로달빛",2026-05-22,15,hot-trend-hot_224293364361,https://blog.naver.com/hot-trend-hot/224293364361
hot-trend-hot,224295480667,"나는솔로 31기 옥순 영호 '이미 울산 신혼 동거중' 이마트 장보기 딱 걸린 현장 현커 심야 데이트 포착","솔로달빛",2026-05-25,23,hot-trend-hot_224295480667,https://blog.naver.com/hot-trend-hot/224295480667
yeji2552,224292463309,"""외고 출신 -> 연세대학교"" 의외로 공부 잘했던 엘리트 연예인 TOP5","엘라이프",2026-05-21,3,yeji2552_224292463309,https://blog.naver.com/yeji2552/224292463309
euene1111,224291295961,"MC몽이 라방에서 지목한 차준영 황신혜 안계상…도대체 무슨 일? (연예뉴스)","찌롱",2026-05-20,6,euene1111_224291295961,https://blog.naver.com/euene1111/224291295961
chokolatte80,224292366683,"노희경 신작에 송혜교·공유 조합이라니… 이건 못 참지","금사빠",2026-05-21,4,chokolatte80_224292366683,https://blog.naver.com/chokolatte80/224292366683
teemogogo,224292945044,"22살에 137억 한남동 집에 사는 존예 랜선 집들이...","케넨",2026-05-22,12,teemogogo_224292945044,https://blog.naver.com/teemogogo/224292945044
loonshots88,224292918898,"""주식 상장폐지 됐다..."" SK하이닉스 주주들 정신차리라고 무시하던 금양","비아이",2026-05-22,5,loonshots88_224292918898,https://blog.naver.com/loonshots88/224292918898
tmzmfk010,224292257113,"법륜스님 구걸 소녀 ""거절"" 장면, 자비 논쟁 왜 커졌나(스님과 손님)","힐스터K",2026-05-21,22,tmzmfk010_224292257113,https://blog.naver.com/tmzmfk010/224292257113
yeji2552,224291813932,"""명문대 출신인 줄 알았는데..."" 의외의 대학 입학한 연예인 TOP6","엘라이프",2026-05-20,3,yeji2552_224291813932,https://blog.naver.com/yeji2552/224291813932
yeji2552,224289615297,"""삼성채용 학벌컷 있다더니..."" 삼성 노조위원장 의외의 학력","엘라이프",2026-05-18,3,yeji2552_224289615297,https://blog.naver.com/yeji2552/224289615297
gurwn1725,224289312532,"'구혜선씨가 친구가 없는 이유는요..' 오은영 정색하고 팩폭했다","방구석 유학파",2026-05-18,3,gurwn1725_224289312532,https://blog.naver.com/gurwn1725/224289312532
stonesam3,224292488816,"""미성년 교제라더니""…김수현 김새론 카톡 논란, 뒤집힌 이유 (88의 흐름)","지나가다 봄",2026-05-21,7,stonesam3_224292488816,https://blog.naver.com/stonesam3/224292488816
rabbitmom_,224292595254,"코스트코 '이것' 담지 않으면 절반은 손해! 아는사람만 담는 먹거리4","토순맘",2026-05-21,9,rabbitmom__224292595254,https://blog.naver.com/rabbitmom_/224292595254
