l3_id,l2_id,l1_code,l3_slug,focus_keyword,title_ko,search_intent,topic_angle,description,model,generated_at,tier,quality_score,drop_reason
01-award-award-speech-analysis-2024,01-award,01,award-speech-analysis-2024,2024 시상식 수상 연설 분석,2024 시상식 수상 연설 분석 및 팁,howto,tip,2024 시상식 수상 연설 분석 및 팁,mistralai/mistral-nemotron,2026-06-02T02:14:18.684529+00:00,hold,60,
01-award-award-winning-work-analysis-method,01-award,01,award-winning-work-analysis-method,2024 수상작 작품 분석 방법,2024 수상작 작품 분석 방법과 팁 정리,howto,howto,2024년 수상작 작품 분석 방법 안내,mistralai/mistral-nemotron,2026-06-02T02:14:18.684529+00:00,hold,56,
01-award-award-winning-soundtrack-analysis,01-award,01,award-winning-soundtrack-analysis,2024 수상작 사운드트랙 분석,2024 수상작 사운드트랙 음악 분석 및 추천,info,review,2024년 수상작 사운드트랙 음악 분석,mistralai/mistral-nemotron,2026-06-02T02:14:18.684529+00:00,hold,42,
01-award-baeksang-arts-awards-2024,01-award,01,baeksang-arts-awards-2024,백상예술대상 2024 수상작,2024 백상예술대상 TV·영화·연극 수상작,info,review,2024 백상예술대상 TV·영화·연극 수상작 정리,mistralai/mistral-nemotron,2026-06-02T02:14:18.684529+00:00,hold,42,
01-award-best-actor-comparison-2024,01-award,01,best-actor-comparison-2024,2024 남우주연상 수상자 비교,2024 남우주연상 수상자 비교: 작품 및 연기력,compare,compare,2024 남우주연상 수상자 비교: 작품 및 연기력,mistralai/mistral-nemotron,2026-06-02T02:14:18.684529+00:00,hold,42,
01-award-best-actress-analysis-2024,01-award,01,best-actress-analysis-2024,2024 여우주연상 수상자 소감 분석,2024 여우주연상 수상자 소감 분석 및 반응,info,review,2024 여우주연상 수상자 소감 분석 및 반응,mistralai/mistral-nemotron,2026-06-02T02:14:18.684529+00:00,hold,42,
01-award-blue-dragon-film-awards-2024,01-award,01,blue-dragon-film-awards-2024,청룡영화상 2024 수상자,2024 청룡영화상 수상자 및 수상 작품,info,review,2024 청룡영화상 수상자 및 수상 작품 정리,mistralai/mistral-nemotron,2026-06-02T02:14:18.684529+00:00,hold,42,
01-award-direction-award-analysis-2024,01-award,01,direction-award-analysis-2024,2024 연출상 수상자 분석,2024 연출상 수상자 분석 및 연출 기법,info,review,2024 연출상 수상자 분석 및 연출 기법,mistralai/mistral-nemotron,2026-06-02T02:14:18.684529+00:00,hold,42,
01-award-excellence-award-2024-profile,01-award,01,excellence-award-2024-profile,2024 우수상 수상자 소개,2024 우수상 수상자 소개와 수상 경력 분석,info,start,2024년 우수상 수상자 소개 및 경력 분석,mistralai/mistral-nemotron,2026-06-02T02:14:18.684529+00:00,hold,42,
01-award-new-artist-introduction-2024,01-award,01,new-artist-introduction-2024,2024 신인 예술인상 수상자 소개,2024 신인 예술인상 수상자 소개 및 작품,info,start,2024 신인 예술인상 수상자 소개 및 작품,mistralai/mistral-nemotron,2026-06-02T02:14:18.684529+00:00,hold,42,
01-award-popular-star-examples-2024,01-award,01,popular-star-examples-2024,2024 인기스타상 수상자 예시,2024 인기스타상 수상자 예시 및 추천 작품,info,start,2024 인기스타상 수상자 예시 및 추천 작품,mistralai/mistral-nemotron,2026-06-02T02:14:18.684529+00:00,hold,42,
01-award-rookie-award-2024-comparison,01-award,01,rookie-award-2024-comparison,2024 신인상 수상자 비교 분석,2024 신인상 수상자 능력 및 역량 비교 분석,compare,compare,2024년 신인상 수상자 비교 분석,mistralai/mistral-nemotron,2026-06-02T02:14:18.684529+00:00,hold,42,
01-award-entertainment-award-prediction-2024,01-award,01,entertainment-award-prediction-2024,2024 예능 부문 대상 수상자 예측,2024 예능 부문 대상 수상자 예측 및 분석,info,issue,2024 예능 부문 대상 수상자 예측 및 분석,mistralai/mistral-nemotron,2026-06-02T02:14:18.684529+00:00,hold,34,
01-award-entertainment-award-top-analysis,01-award,01,entertainment-award-top-analysis,2024 연예대상 최우수상 후보 분석,2024 연예대상 최우수상 후보 분석 및 예상,info,issue,2024 연예대상 최우수상 후보 분석 및 예상,mistralai/mistral-nemotron,2026-06-02T02:14:18.684529+00:00,hold,34,
01-award-excellence-award-2024-winner,01-award,01,excellence-award-2024-winner,2024 최우수상 수상자 예시,2024 최우수상 수상자 예시와 수상작 분석,info,issue,2024년 최우수상 수상자 예시 분석,mistralai/mistral-nemotron,2026-06-02T02:14:18.684529+00:00,hold,34,
01-award-kbs-entertainment-award-2024-winners,01-award,01,kbs-entertainment-award-2024-winners,2024 KBS 연예대상 수상자,2024 KBS 연예대상 수상자 및 시상식 하이라이트,info,issue,KBS 연예대상 2024년 수상자와 주요 이슈 정리,mistralai/mistral-nemotron,2026-06-02T02:14:18.684529+00:00,hold,34,
01-award-mama-2024-nominees,01-award,01,mama-2024-nominees,MAMA 2024 후보 명단,2024 MAMA 후보 명단 및 예상 수상자 예측,info,issue,2024 MAMA 후보 명단 및 예상 수상자 분석,mistralai/mistral-nemotron,2026-06-02T02:14:18.684529+00:00,hold,34,
01-award-music-awards-2024-nominees,01-award,01,music-awards-2024-nominees,가요대상 2024 후보 명단,2024 가요대상 후보 명단 및 예상 수상자,info,issue,2024 가요대상 후보 명단 및 예상 수상자 분석,mistralai/mistral-nemotron,2026-06-02T02:14:18.684529+00:00,hold,34,
01-award-seoul-music-awards-2024-nominees,01-award,01,seoul-music-awards-2024-nominees,서울가요대상 2024 후보,서울가요대상 2024 후보 명단 및 예상 수상자,info,issue,서울가요대상 2024 후보 명단 및 예상 수상자 분석,mistralai/mistral-nemotron,2026-06-02T02:14:18.684529+00:00,hold,34,
01-award-singer-award-2024-prediction,01-award,01,singer-award-2024-prediction,2024 올해의 가수상 수상자 예측,2024 올해의 가수상 수상자 예측 및 분석,info,issue,2024년 시상식에서 예상되는 올해의 가수상 수상자 분석,mistralai/mistral-nemotron,2026-06-02T02:14:18.684529+00:00,hold,34,
01-award-drama-rookie-award-comparison,01-award,01,drama-rookie-award-comparison,드라마 부문 신인상 수상자 비교,드라마 부문 신인상 수상자 비교: 2023 vs 2024,compare,compare,연도별 드라마 부문 신인상 수상자 비교,mistralai/mistral-nemotron,2026-06-02T02:14:18.684529+00:00,hold,7,
01-broadcast-mbc-drama-schedule-2024,01-broadcast,01,mbc-drama-schedule-2024,MBC 드라마 편성표 2024,2024년 MBC 드라마 편성표와 방영 일정,info,howto,2024년 MBC 드라마 방영 일정과 편성표 정보,meta-llama/llama-4-scout-17b-16e-instruct,2026-06-01T12:31:11.146046+00:00,hold,54,
01-broadcast-korean-drama-schedule-2024,01-broadcast,01,korean-drama-schedule-2024,2024년 한국 드라마 방영 일정,2024년 한국 드라마 전체 방영 일정표,info,issue,2024년 한국 드라마 방영 일정과 라인업 정보,meta-llama/llama-4-scout-17b-16e-instruct,2026-06-01T12:31:11.146046+00:00,hold,46,
01-broadcast-drama-awards-2023,01-broadcast,01,drama-awards-2023,2023년 드라마 어워즈,2023년 드라마 어워즈 수상작,news,issue,2023년 드라마 어워즈 수상작과 수상자 정보,meta-llama/llama-4-scout-17b-16e-instruct,2026-06-01T12:31:11.146046+00:00,hold,19,
01-celebrity-celebrity-awards-2024,01-celebrity,01,celebrity-awards-2024,2024 연예인 시상식 일정,2024 연예인 시상식 일정과 수상자,info,issue,2024년 연예인 시상식 일정과 수상자 분석,meta-llama/llama-4-scout-17b-16e-instruct,2026-06-01T12:31:11.146046+00:00,hold,46,
01-celebrity-celebrity-concerts-2024,01-celebrity,01,celebrity-concerts-2024,2024 연예인 콘서트 일정,2024 연예인 콘서트 일정과 티켓팅 팁,info,issue,2024년 연예인 콘서트 일정과 티켓팅 팁,meta-llama/llama-4-scout-17b-16e-instruct,2026-06-01T12:31:11.146046+00:00,hold,46,
01-celebrity-celebrity-wedding-2024,01-celebrity,01,celebrity-wedding-2024,2024 연예인 결혼식 일정,2024 연예인 결혼식 일정과 장소,info,issue,2024년 연예인 결혼식 일정과 장소 분석,meta-llama/llama-4-scout-17b-16e-instruct,2026-06-01T12:31:11.146046+00:00,hold,46,
01-celebrity-k-entertainment-issues-2023,01-celebrity,01,k-entertainment-issues-2023,2023 연예계 이슈,2023 연예계 이슈와 사건,info,issue,2023년 연예계 이슈와 사건,meta-llama/llama-4-scout-17b-16e-instruct,2026-06-01T12:31:11.146046+00:00,hold,19,
01-interview-2024-kpop-festival-lineup,01-interview,01,2024-kpop-festival-lineup,2024 K-POP 축제 라인업,2024 K-POP 축제 라인업과 일정,info,issue,2024년 K-POP 축제 라인업과 일정,meta-llama/llama-4-scout-17b-16e-instruct,2026-06-01T12:31:11.146046+00:00,hold,46,
01-interview-2024-variety-show-episodes,01-interview,01,2024-variety-show-episodes,2024 예능 프로그램 회차 정보,2024 예능 프로그램 회차 정보와 방송 일정,info,issue,2024년 예능 프로그램 회차 정보와 방송 일정,meta-llama/llama-4-scout-17b-16e-instruct,2026-06-01T12:31:11.146046+00:00,hold,46,
01-interview-drama-trend-2023-interview,01-interview,01,drama-trend-2023-interview,2023 드라마 트렌드 인터뷰,2023 드라마 트렌드와 감독 인터뷰,info,review,2023 드라마 트렌드와 감독들의 인터뷰,meta-llama/llama-4-scout-17b-16e-instruct,2026-06-01T12:37:04.035570+00:00,hold,27,
01-interview-celebrity-fashion-trend-2023,01-interview,01,celebrity-fashion-trend-2023,2023 연예인 패션 트렌드,2023 연예인 패션 트렌드 분석,info,issue,2023년 연예인 패션 트렌드 분석,meta-llama/llama-4-scout-17b-16e-instruct,2026-06-01T12:31:11.146046+00:00,hold,19,
01-interview-drama-set-interview-2023,01-interview,01,drama-set-interview-2023,2023 드라마 촬영장 인터뷰,2023 드라마 촬영장 인터뷰와 비하인드 스토리,info,issue,2023년 드라마 촬영장 인터뷰와 비하인드 스토리,meta-llama/llama-4-scout-17b-16e-instruct,2026-06-01T12:31:11.146046+00:00,hold,19,
01-interview-drama-trend-analysis-2023,01-interview,01,drama-trend-analysis-2023,2023 드라마 트렌드 분석 인터뷰,2023 드라마 트렌드 분석 인터뷰와 전망,info,issue,2023년 드라마 트렌드 분석 인터뷰와 전망,meta-llama/llama-4-scout-17b-16e-instruct,2026-06-01T12:37:04.035570+00:00,hold,19,
01-comeback-a-present-comeback-2024,01-comeback,01,a-present-comeback-2024,a present 컴백 2024년,a present 2024년 컴백 일정과 신곡 정보,info,issue,a present의 2024년 컴백 소식 및 신곡 정보,mistralai/mistral-nemotron,2026-06-02T02:14:18.684529+00:00,hold,46,
01-comeback-aespa-comeback-2024,01-comeback,01,aespa-comeback-2024,aespa 컴백 2024년,aespa 2024년 컴백 일정과 신곡 정보,info,issue,aespa의 2024년 컴백 소식 및 신곡 정보,mistralai/mistral-nemotron,2026-06-02T02:14:18.684529+00:00,hold,46,
01-comeback-avengers-comeback-2024,01-comeback,01,avengers-comeback-2024,어벤저스 컴백 2024년,어벤저스 2024년 컴백 일정과 신곡 정보,info,issue,어벤저스의 2024년 컴백 소식 및 신곡 정보,mistralai/mistral-nemotron,2026-06-02T02:14:18.684529+00:00,hold,46,
01-comeback-blackpink-comeback-2024,01-comeback,01,blackpink-comeback-2024,블랙핑크 컴백 2024년,블랙핑크 2024년 컴백 일정과 신곡 예상,info,issue,블랙핑크의 2024년 컴백 소식 및 신곡 정보,mistralai/mistral-nemotron,2026-06-02T02:14:18.684529+00:00,hold,46,
01-comeback-bts-comeback-2024,01-comeback,01,bts-comeback-2024,방탄소년단 컴백 2024년,방탄소년단 2024년 컴백 일정과 신곡 예상,info,issue,방탄소년단의 2024년 컴백 소식 및 신곡 정보,mistralai/mistral-nemotron,2026-06-02T02:14:18.684529+00:00,hold,46,
01-comeback-bts-comeback-2024-2,01-comeback,01,bts-comeback-2024-2,2024년 방탄소년단 컴백,2024년 방탄소년단 컴백 일정과 신곡 정보,info,issue,2024년 방탄소년단 컴백 예정일과 신곡 관련 소식,mistralai/mistral-nemotron,2026-06-02T02:14:18.684529+00:00,hold,46,
01-comeback-cravity-comeback-2024,01-comeback,01,cravity-comeback-2024,CRAVITY 컴백 2024년,CRAVITY 2024년 컴백 일정과 신곡 정보,info,issue,CRAVITY의 2024년 컴백 소식 및 신곡 정보,mistralai/mistral-nemotron,2026-06-02T02:14:18.684529+00:00,hold,46,
01-comeback-enhypen-comeback-2024,01-comeback,01,enhypen-comeback-2024,ENHYPEN 컴백 2024년,ENHYPEN 2024년 컴백 일정과 신곡 정보,info,issue,ENHYPEN의 2024년 컴백 소식 및 신곡 정보,mistralai/mistral-nemotron,2026-06-02T02:14:18.684529+00:00,hold,46,
01-comeback-exo-comeback-2024,01-comeback,01,exo-comeback-2024,EXO 컴백 2024년,EXO 2024년 컴백 일정과 신곡 정보,info,issue,EXO의 2024년 컴백 소식 및 신곡 정보,mistralai/mistral-nemotron,2026-06-02T02:14:18.684529+00:00,hold,46,
01-comeback-idol-comeback-2024-jan,01-comeback,01,idol-comeback-2024-jan,2024년 1월 컴백 아이돌 그룹,2024년 1월 컴백 아이돌 그룹 일정과 신곡,info,issue,2024년 1월 컴백하는 아이돌 그룹 및 신곡 정보,mistralai/mistral-nemotron,2026-06-02T02:14:18.684529+00:00,hold,46,
01-comeback-itzy-comeback-2024,01-comeback,01,itzy-comeback-2024,ITZY 컴백 2024년,ITZY 2024년 컴백 일정과 신곡 정보,info,issue,ITZY의 2024년 컴백 소식 및 신곡 정보,mistralai/mistral-nemotron,2026-06-02T02:14:18.684529+00:00,hold,46,
01-comeback-iu-comeback-2024,01-comeback,01,iu-comeback-2024,2024년 아이유 컴백 예정,2024년 아이유 컴백 일정과 신곡 정보,info,issue,2024년 아이유 컴백 예정일과 신곡 관련 소식,mistralai/mistral-nemotron,2026-06-02T02:14:18.684529+00:00,hold,46,
01-comeback-ive-comeback-2024,01-comeback,01,ive-comeback-2024,IVe 컴백 2024년,IVe 2024년 컴백 일정과 신곡 정보,info,issue,IVe의 2024년 컴백 소식 및 신곡 정보,mistralai/mistral-nemotron,2026-06-02T02:14:18.684529+00:00,hold,46,
01-comeback-july-2024-kpop-comeback,01-comeback,01,july-2024-kpop-comeback,2024년 7월 컴백 아이돌 그룹,2024년 7월 컴백 아이돌 그룹 일정과 예고,info,issue,2024년 7월 컴백 예정인 아이돌 그룹 정보,mistralai/mistral-nemotron,2026-06-02T02:14:18.684529+00:00,hold,46,
01-ent-news-kpop-comeback-schedule-2025,01-ent-news,01,kpop-comeback-schedule-2025,2025년 K-POP 아이돌 그룹 컴백 일정,2025년 K-POP 아이돌 그룹 컴백 일정과 기대작,info,issue,2025년 K-POP 아이돌 그룹 컴백 일정과 주목할 작품,mistralai/mistral-nemotron,2026-06-02T02:14:18.684529+00:00,hold,46,
01-ent-news-2023-kpop-comeback-schedule,01-ent-news,01,2023-kpop-comeback-schedule,2023 K-POP 아이돌 그룹 컴백 일정,2023 K-POP 아이돌 그룹 컴백 일정과 트렌드,info,issue,2023년 K-POP 아이돌 그룹 컴백 일정과 음악 트렌드 분석,mistralai/mistral-nemotron,2026-06-02T02:14:18.684529+00:00,hold,31,
01-ent-news-2023-kpop-debut-schedule,01-ent-news,01,2023-kpop-debut-schedule,2023 K-POP 아이돌 그룹 데뷔 일정,2023 K-POP 아이돌 그룹 데뷔 일정과 트렌드,info,issue,2023년 K-POP 아이돌 그룹 데뷔 일정과 음악 트렌드 분석,mistralai/mistral-nemotron,2026-06-02T02:14:18.684529+00:00,hold,31,
01-ent-news-2023-celebrity-real-name-program,01-ent-news,01,2023-celebrity-real-name-program,2023 연예인 실명 사용 프로그램,2023 연예인 실명 사용 프로그램과 그 효과,info,review,2023년 연예인이 실명을 사용하는 프로그램과 그 영향 분석,mistralai/mistral-nemotron,2026-06-02T02:14:18.684529+00:00,hold,27,
01-ent-news-2023-drama-audience-response-analysis,01-ent-news,01,2023-drama-audience-response-analysis,2023 드라마 시청자 반응 분석,2023 드라마 시청자 반응 분석과 성공 요인,compare,compare,2023년 드라마 시청자 반응 분석과 성공적인 드라마의 공통점,mistralai/mistral-nemotron,2026-06-02T02:14:18.684529+00:00,hold,27,
01-ent-news-2023-drama-ott-service-ranking,01-ent-news,01,2023-drama-ott-service-ranking,2023 드라마 OTT 서비스 순위,2023 드라마 OTT 서비스 순위와 트렌드,compare,compare,2023년 드라마 OTT 서비스 순위와 트렌드 분석,mistralai/mistral-nemotron,2026-06-02T02:14:18.684529+00:00,hold,27,
01-ent-news-2023-drama-production-cost,01-ent-news,01,2023-drama-production-cost,2023 드라마 제작 비용 비교,2023 드라마 제작 비용 비교와 비용 절감 전략,cost,compare,2023년 드라마 제작 비용 비교와 예산 관리 전략,mistralai/mistral-nemotron,2026-06-02T02:14:18.684529+00:00,hold,27,
01-ent-news-2023-international-song-festival-review,01-ent-news,01,2023-international-song-festival-review,2023 국제 가요제 현대적 평가,2023 국제 가요제 현대적 평가와 의미 분석,review,review,최근 국제 가요제의 현대적 평가와 대중문화적 의미 분석,mistralai/mistral-nemotron,2026-06-02T02:14:18.684529+00:00,hold,27,
01-ent-news-2023-kpop-fanclub-activities,01-ent-news,01,2023-kpop-fanclub-activities,2023 K-POP 아이돌 그룹 팬클럽 활동,2023 K-POP 아이돌 그룹 팬클럽 활동과 영향력,info,review,2023년 K-POP 아이돌 그룹 팬클럽 활동과 영향력 분석,mistralai/mistral-nemotron,2026-06-02T02:14:18.684529+00:00,hold,27,
01-ent-news-2023-kpop-message-interpretation,01-ent-news,01,2023-kpop-message-interpretation,2023 K-POP 아이돌 그룹 메시지 해석,2023 K-POP 아이돌 그룹 메시지 해석과 의미,info,review,2023년 K-POP 아이돌 그룹의 메시지 해석과 그 의미 분석,mistralai/mistral-nemotron,2026-06-02T02:14:18.684529+00:00,hold,27,
01-ent-news-top-rated-drama-2023,01-ent-news,01,top-rated-drama-2023,2023년 드라마 시청률 1위 이유,2023년 드라마 시청률 1위 작품과 인기 요인 분석,info,review,2023년 드라마 시청률 1위 작품과 인기 비밀,mistralai/mistral-nemotron,2026-06-02T02:14:18.684529+00:00,hold,27,
01-ent-news-variety-show-trend-2023,01-ent-news,01,variety-show-trend-2023,2023년 예능 프로그램 트렌드 분석,2023년 예능 프로그램 트렌드 분석과 인기 요인,info,issue,2023년 예능 프로그램 트렌드와 인기 요인 분석,mistralai/mistral-nemotron,2026-06-02T02:14:18.684529+00:00,hold,19,
01-event-drama-broadcast-delay-2024,01-event,01,drama-broadcast-delay-2024,2024 드라마 결방 일정,2024 드라마 결방 일정과 사유,info,issue,2024년 드라마 결방 일정과 관련 정보,meta-llama/llama-4-scout-17b-16e-instruct,2026-06-01T12:37:04.035570+00:00,hold,46,
01-event-2024-celeb-wedding,01-event,01,2024-celeb-wedding,연예인 결혼식 일정 2024,2024 연예인 결혼식 일정,info,issue,2024년 연예인 결혼식 일정과 장소,meta-llama/llama-4-scout-17b-16e-instruct,2026-06-01T12:37:04.035570+00:00,hold,46,
01-event-2024-drama-airdate,01-event,01,2024-drama-airdate,드라마 방영일정 2024,2024 드라마 방영일정표,info,issue,2024년 드라마 방영일정표,meta-llama/llama-4-scout-17b-16e-instruct,2026-06-01T12:37:04.035570+00:00,hold,46,
01-event-award-shows-2024,01-event,01,award-shows-2024,2024 연예계 시상식 일정,2024 연예계 시상식 일정과 주요 수상자,info,issue,2024년 연예계 주요 시상식 일정과 수상자 정보,meta-llama/llama-4-scout-17b-16e-instruct,2026-06-01T12:37:04.035570+00:00,hold,46,
01-event-celebrity-event-2024,01-event,01,celebrity-event-2024,2024 연예계 행사 일정,2024 연예계 주요 행사 일정과 소식,info,issue,2024년 연예계 주요 행사 일정과 관련 소식,meta-llama/llama-4-scout-17b-16e-instruct,2026-06-01T12:37:04.035570+00:00,hold,46,
01-event-celebrity-fanmeeting-2024,01-event,01,celebrity-fanmeeting-2024,2024 연예인 팬미팅 일정,2024 연예인 팬미팅 일정과 장소,info,issue,2024년 연예인 팬미팅 일정과 개최 장소,meta-llama/llama-4-scout-17b-16e-instruct,2026-06-01T12:37:04.035570+00:00,hold,46,
01-event-drama-filming-schedule-2024,01-event,01,drama-filming-schedule-2024,2024 드라마 촬영 일정,2024 드라마 촬영 시작일과 종료일,info,issue,2024년 드라마 촬영 일정과 제작 계획,meta-llama/llama-4-scout-17b-16e-instruct,2026-06-01T12:37:04.035570+00:00,hold,46,
01-event-kdrama-ost-release-2024,01-event,01,kdrama-ost-release-2024,드라마 OST 출시 2024,2024 드라마 OST 출시 일정,info,issue,2024년 드라마 OST 출시 일정과 라인업,meta-llama/llama-4-scout-17b-16e-instruct,2026-06-01T12:37:04.035570+00:00,hold,46,
01-event-kpop-awards-2024,01-event,01,kpop-awards-2024,K-POP 시상식 일정 2024,2024 K-POP 시상식 일정과 수상자,info,issue,2024년 K-POP 시상식 일정과 주요 수상자,meta-llama/llama-4-scout-17b-16e-instruct,2026-06-01T12:37:04.035570+00:00,hold,46,
01-event-kpop-comeback-2024,01-event,01,kpop-comeback-2024,2024 K-POP 컴백 일정,2024 K-POP 아티스트 컴백 일정,info,issue,2024년 K-POP 아티스트 컴백 일정과 계획,meta-llama/llama-4-scout-17b-16e-instruct,2026-06-01T12:37:04.035570+00:00,hold,46,
01-event-kpop-concert-2024,01-event,01,kpop-concert-2024,K-POP 콘서트 일정 2024,2024 K-POP 콘서트 일정과 티켓 정보,info,issue,2024년 개최 예정인 K-POP 콘서트 일정과 티켓 정보,meta-llama/llama-4-scout-17b-16e-instruct,2026-06-01T12:37:04.035570+00:00,hold,46,
01-event-kpop-concert-tour-2024,01-event,01,kpop-concert-tour-2024,2024 K-POP 콘서트 투어,2024 K-POP 콘서트 투어 일정과 장소,info,issue,2024년 K-POP 콘서트 투어 일정과 개최 장소,meta-llama/llama-4-scout-17b-16e-instruct,2026-06-01T12:37:04.035570+00:00,hold,46,
01-event-2023-ott-variety-recommend,01-event,01,2023-ott-variety-recommend,OTT 예능 추천 2023,2023 OTT 예능 프로그램 추천,info,review,2023년 OTT에서 볼 수 있는 예능 프로그램 추천,meta-llama/llama-4-scout-17b-16e-instruct,2026-06-01T12:37:04.035570+00:00,hold,27,
01-music-kpop-music-video,01-music,01,kpop-music-video,K-POP 뮤직비디오,인기 K-POP 뮤직비디오와 순위,info,issue,인기 K-POP 뮤직비디오 순위 정보,meta-llama/llama-4-scout-17b-16e-instruct,2026-06-01T12:31:11.146046+00:00,hold,49,
01-music-music-festival-lineup-2024,01-music,01,music-festival-lineup-2024,2024 음악 축제 라인업,2024 음악 축제 라인업과 일정,info,issue,2024년 음악 축제 라인업과 공연 일정,meta-llama/llama-4-scout-17b-16e-instruct,2026-06-01T12:31:11.146046+00:00,hold,46,
01-music-music-festival-2023,01-music,01,music-festival-2023,음악 축제 일정,2023 음악 축제 일정과 라인업,info,issue,2023년 음악 축제 일정과 라인업 정보,meta-llama/llama-4-scout-17b-16e-instruct,2026-06-01T12:31:11.146046+00:00,hold,31,
01-music-music-festival-2023-2,01-music,01,music-festival-2023-2,2023 음악 축제 라인업,2023 국내 음악 축제 라인업과 일정,info,issue,2023년 국내 음악 축제 라인업과 일정 정보,meta-llama/llama-4-scout-17b-16e-instruct,2026-06-01T12:31:11.146046+00:00,hold,31,
01-music-music-festival-lineup-2023,01-music,01,music-festival-lineup-2023,음악 축제 라인업 정보,2023 음악 축제 라인업 정보와 일정,info,issue,2023년 국내외 음악 축제 라인업 정보와 일정,meta-llama/llama-4-scout-17b-16e-instruct,2026-06-01T12:31:11.146046+00:00,hold,31,
01-music-albums-released-2023,01-music,01,albums-released-2023,2023 발매 앨범,2023년에 발매된 인기 앨범 리스트,info,issue,2023년에 발매된 인기 앨범 정보,meta-llama/llama-4-scout-17b-16e-instruct,2026-06-01T12:31:11.146046+00:00,hold,19,
01-music-kpop-new-group-2023,01-music,01,kpop-new-group-2023,K-POP 신인 그룹,2023 K-POP 신인 그룹 데뷔와 활동,info,issue,2023년 데뷔한 K-POP 신인 그룹 정보,meta-llama/llama-4-scout-17b-16e-instruct,2026-06-01T12:31:11.146046+00:00,hold,19,
01-music-kpop-new-group-2023-2,01-music,01,kpop-new-group-2023-2,K-POP 그룹 데뷔 정보,2023 K-POP 신인 그룹 데뷔 정보와 활동,info,issue,2023년 데뷔한 K-POP 신인 그룹 정보와 활동 내역,meta-llama/llama-4-scout-17b-16e-instruct,2026-06-01T12:31:11.146046+00:00,hold,19,
01-photo-essay-upcoming-photo-books-2024,01-photo-essay,01,upcoming-photo-books-2024,2024 연예인 화보 예정작,2024년 연예인 화보 예정작 일정,info,issue,2024년 연예인들이 출시할 예정인 화보 사진집을 소개합니다.,mistralai/mistral-nemotron,2026-06-02T02:14:18.684529+00:00,hold,46,
01-stargram-stargram-popup-store-2023,01-stargram,01,stargram-popup-store-2023,스타그램 팝업스토어 정보,스타그램 팝업스토어 2023년 일정과 장소 안내,info,local,2023년 스타그램을 주제로 한 팝업스토어 정보,mistralai/mistral-nemotron,2026-06-02T02:14:18.684529+00:00,hold,39,
01-variety-show-2024-variety-show-cancelled,01-variety-show,01,2024-variety-show-cancelled,2024 예능 프로그램 결방 일정,2024년 예능 프로그램 결방 일정과 사유,info,issue,2024년 예능 프로그램 결방 일정과 사유,meta-llama/llama-4-scout-17b-16e-instruct,2026-06-01T12:31:11.146046+00:00,hold,46,
01-variety-show-2023-variety-shows-cancelled,01-variety-show,01,2023-variety-shows-cancelled,2023 예능 프로그램 결방,2023년 상반기 예능 프로그램 결방 일정,info,issue,2023년 상반기 예능 프로그램 결방 일정과 사유,meta-llama/llama-4-scout-17b-16e-instruct,2026-06-01T12:31:11.146046+00:00,hold,31,
01-variety-show-2023-chuseok-variety-shows,01-variety-show,01,2023-chuseok-variety-shows,2023 추석 예능 프로그램 편성,2023 추석 예능 프로그램 편성표,info,issue,2023년 추석 예능 프로그램 편성표,meta-llama/llama-4-scout-17b-16e-instruct,2026-06-01T12:31:11.146046+00:00,hold,19,
02-economic-indicators-cpi-latest-analysis,02-economic-indicators,02,cpi-latest-analysis,소비자 물가지수 최신 분석,2023년 소비자 물가지수 최근 동향과 분석,info,issue,최근 소비자 물가지수 동향과 그 의미에 대해 분석합니다.,mistralai/mistral-nemotron,2026-06-02T02:14:18.684529+00:00,hold,22,
02-economic-indicators-house-price-index-trend,02-economic-indicators,02,house-price-index-trend,주택가격지수 최신 동향,2023년 주택가격지수 최근 동향과 전망,info,issue,최근 주택가격지수 동향과 미래 전망에 대해 분석합니다.,mistralai/mistral-nemotron,2026-06-02T02:14:18.684529+00:00,hold,22,
02-financial-news-popular-kospi-stocks-2023,02-financial-news,02,popular-kospi-stocks-2023,2023년 인기 코스피 종목,2023년 인기 코스피 종목 분석 - 수익률 높은 업종은?,info,review,2023년 코스피에서 인기 있는 종목과 업종별 수익률 분석,mistralai/mistral-nemotron,2026-06-02T02:14:18.684529+00:00,hold,42,
02-financial-news-housing-welfare-2023,02-financial-news,02,housing-welfare-2023,2023년 주택 복지 정책,2023년 주택 복지 정책 - 지원 대상과 신청 방법,info,issue,2023년 주택 복지 정책 지원 대상과 신청 방법을 알아보세요.,mistralai/mistral-nemotron,2026-06-02T02:14:18.684529+00:00,hold,34,
02-financial-news-lease-interest-rate-trends,02-financial-news,02,lease-interest-rate-trends,부동산 전세 금리 변동 추이,부동산 전세 금리 변동 추이 - 2023년 동향 분석,info,review,2023년 부동산 전세 금리 변동 추이를 분석합니다.,mistralai/mistral-nemotron,2026-06-02T02:14:18.684529+00:00,hold,30,
02-financial-news-real-estate-price-trends-2023,02-financial-news,02,real-estate-price-trends-2023,2023년 부동산 매매가 동향,2023년 부동산 매매가 동향 - 지역별 변화 분석,info,review,2023년 부동산 매매가 동향과 지역별 변화를 분석합니다.,mistralai/mistral-nemotron,2026-06-02T02:14:18.684529+00:00,hold,30,
02-financial-news-2023-loan-interest-rates,02-financial-news,02,2023-loan-interest-rates,2023년 대출 금리 비교,2023년 대출 금리 비교와 최저 금리 은행 리스트,compare,compare,2023년 다양한 대출 금리 비교,mistralai/mistral-nemotron,2026-06-02T02:14:18.684529+00:00,hold,25,
03-exercise-routine-fall-running-preparation-2023,03-exercise-routine,03,fall-running-preparation-2023,2023년 가을 달리기 준비 팁,2023년 가을 달리기 준비 팁과 체력 관리,howto,tip,2023년 가을에 달리기를 준비하는 팁과 체력 관리 방법,mistralai/mistral-nemotron,2026-06-02T02:14:18.684529+00:00,hold,44,
03-exercise-routine-fall-running-events-2023,03-exercise-routine,03,fall-running-events-2023,2023년 가을 달리기 이벤트,2023년 가을 달리기 이벤트와 참가 방법,info,issue,2023년 가을에 열리는 달리기 이벤트와 참가 방법,mistralai/mistral-nemotron,2026-06-02T02:14:18.684529+00:00,hold,34,
04-brand-reviews-mystic-brand-2023,04-brand-reviews,04,mystic-brand-2023,미스틱브랜드 2023 신상리스트,미스틱브랜드 2023년 신상 제품 리스트,info,issue,미스틱브랜드 2023 신상 트렌드와 아이템 소개,mistralai/mistral-nemotron,2026-06-02T02:14:18.684529+00:00,hold,35,
04-kids-fashion-child-clothes-fashion-event,04-kids-fashion,04,child-clothes-fashion-event,아동복 패션 이벤트 2023,아동복 패션 이벤트 2023년 일정과 참여 방법,info,issue,2023년 아동복 패션 이벤트 정보,mistralai/mistral-nemotron,2026-06-02T02:14:18.684529+00:00,hold,47,
04-shopping-guide-winter-fashion-2023,04-shopping-guide,04,winter-fashion-2023,2023년 추운 겨울 코디,2023년 추운 겨울 코디 추천과 아이템 선택법,howto,howto,2023년 추운 겨울에 입기 좋은 코디와 아이템 선택법,mistralai/mistral-nemotron,2026-06-02T02:14:18.684529+00:00,hold,49,
04-shopping-guide-winter-trend-2023,04-shopping-guide,04,winter-trend-2023,2023년 겨울 트렌드 아이템,2023년 겨울 트렌드 아이템과 코디 추천,info,start,2023년 겨울 트렌드 아이템과 코디 추천,mistralai/mistral-nemotron,2026-06-02T02:14:18.684529+00:00,hold,43,
04-sustainable-fashion-sustainable-fashion-events-2023,04-sustainable-fashion,04,sustainable-fashion-events-2023,지속가능 패션 이벤트,2023년 지속가능 패션 이벤트 일정과 참가 방법,info,issue,2023년 지속가능 패션 이벤트를 소개한다.,mistralai/mistral-nemotron,2026-06-02T02:14:18.684529+00:00,hold,47,
05-baseball-analysis-postseason-analysis,05-baseball-analysis,05,postseason-analysis,포스트시즌 분석,야구 포스트시즌 전략과 분석,info,issue,야구 포스트시즌 전략과 분석,mistralai/mistral-nemotron,2026-06-02T02:14:18.684529+00:00,hold,49,
05-baseball-analysis-stadium-analysis,05-baseball-analysis,05,stadium-analysis,경기장별 분석,한국 야구 경기장별 특징과 분석,info,issue,한국 야구 경기장별 특징과 분석,mistralai/mistral-nemotron,2026-06-02T02:14:18.684529+00:00,hold,49,
05-baseball-game-kbo-postponed-game,05-baseball-game,05,kbo-postponed-game,2024 KBO 리그 포기된 경기 일정 확인,2024 KBO 리그 포기된 경기 일정 확인 방법,howto,howto,KBO 리그 포기된 경기 일정 확인 방법,mistralai/mistral-nemotron,2026-06-02T02:14:18.684529+00:00,hold,60,
05-baseball-game-kbo-schedule-download,05-baseball-game,05,kbo-schedule-download,2024 KBO 리그 경기 일정 표 다운로드,2024 KBO 리그 경기 일정 표 다운로드 방법,howto,howto,KBO 리그 경기 일정 표 다운로드 방법 안내,mistralai/mistral-nemotron,2026-06-02T02:14:18.684529+00:00,hold,60,
05-baseball-game-2024-kbo-schedule,05-baseball-game,05,2024-kbo-schedule,2024 KBO 리그 일정,2024 KBO 리그 경기 일정 및 주요 일정,info,start,2024년 KBO리그 경기 일정과 주요 일정 안내,mistralai/mistral-nemotron,2026-06-02T02:14:18.684529+00:00,hold,54,
05-baseball-game-kbo-postseason-schedule-2024,05-baseball-game,05,kbo-postseason-schedule-2024,2024 KBO 리그 포스트시즌 일정,2024 KBO 리그 포스트시즌 일정과 경기 시간,info,start,2024년 KBO 리그 포스트시즌 정확한 일정과 경기 시간 안내,mistralai/mistral-nemotron,2026-06-02T02:14:18.684529+00:00,hold,54,
05-baseball-game-kbo-schedule-change,05-baseball-game,05,kbo-schedule-change,2024 KBO 리그 경기 일정 변경 사유,2024 KBO 리그 경기 일정 변경 사유 분석,info,issue,KBO 리그 경기 일정 변경 이유 분석,mistralai/mistral-nemotron,2026-06-02T02:14:18.684529+00:00,hold,46,
05-baseball-info-asian-series-schedule-2024,05-baseball-info,05,asian-series-schedule-2024,2024년 프로야구 아시안 시리즈 일정,2024년 프로야구 아시안 시리즈 일정과 팀 소개,info,start,2024년 프로야구 아시안 시리즈의 일정과 참가 팀을 소개합니다.,mistralai/mistral-nemotron,2026-06-02T02:14:18.684529+00:00,hold,54,
05-baseball-info-kbo-allstar-game-2024,05-baseball-info,05,kbo-allstar-game-2024,2024년 프로야구 올스타전 일정,2024년 프로야구 올스타전 일정과 참가 선수,info,start,2024년 프로야구 올스타전의 일정과 참가 선수를 소개합니다.,mistralai/mistral-nemotron,2026-06-02T02:14:18.684529+00:00,hold,54,
05-game-highlight-europa-league-highlights-2024,05-game-highlight,05,europa-league-highlights-2024,유로파리그 하이라이트 2024,2024 유로파리그 경기 하이라이트와 결과,review,review,2024 유로파리그 경기 하이라이트와 결과 정리,mistralai/mistral-nemotron,2026-06-02T02:14:18.684529+00:00,hold,42,
05-game-highlight-epl-2023-24-highlights,05-game-highlight,05,epl-2023-24-highlights,EPL 2023 24 하이라이트,2023~24 EPL 경기 하이라이트 및 승점 현황,info,start,2023~24 시즌 EPL 경기 하이라이트와 승점 현황 확인,mistralai/mistral-nemotron,2026-06-02T02:14:18.684529+00:00,hold,27,
05-game-schedule-2024-asian-games-boxing,05-game-schedule,05,2024-asian-games-boxing,2024 아시안게임 복싱 경기 일정,2024 아시안게임 복싱 경기 일정 및 예매 가이드,checklist,howto,2024년 아시안게임 복싱 경기 일정 및 예매 방법,mistralai/mistral-nemotron,2026-06-02T02:14:18.684529+00:00,hold,60,
05-game-schedule-2024-olympics-football,05-game-schedule,05,2024-olympics-football,2024 하계 올림픽 축구 일정,2024 파리 올림픽 축구 경기 일정 및 예매 방법,checklist,howto,2024년 올림픽 축구 경기 일정 및 예매 안내,mistralai/mistral-nemotron,2026-06-02T02:14:18.684529+00:00,hold,60,
05-game-schedule-afc-asian-cup-2025,05-game-schedule,05,afc-asian-cup-2025,2025 아시안컵 축구 일정,2025 아시안컵 축구 경기 일정 및 예매 가이드,checklist,howto,2025년 아시안컵 축구 경기 일정 및 예매 방법,mistralai/mistral-nemotron,2026-06-02T02:14:18.684529+00:00,hold,60,
05-game-schedule-afc-champions-league-2025,05-game-schedule,05,afc-champions-league-2025,2025 아시아 챔피언스 리그 일정,2025 AFC 챔피언스 리그 경기 일정 및 예약,checklist,start,2025 AFC 챔피언스 리그 경기 일정 안내,mistralai/mistral-nemotron,2026-06-02T02:14:18.684529+00:00,hold,60,
05-game-schedule-fa-cup-2024-quarterfinals,05-game-schedule,05,fa-cup-2024-quarterfinals,FA컵 2024 8강 일정,2024 FA컵 8강 경기 일정 및 티켓 예매,checklist,howto,FA컵 2024 8강 경기 일정 및 예매 안내,mistralai/mistral-nemotron,2026-06-02T02:14:18.684529+00:00,hold,60,
05-game-schedule-kbo-conference-league-2024,05-game-schedule,05,kbo-conference-league-2024,2024 프로야구 컨퍼런스리그 일정,2024 프로야구 컨퍼런스리그 경기 일정 및 예약,checklist,start,2024년 프로야구 컨퍼런스리그 경기 일정 확인 방법,mistralai/mistral-nemotron,2026-06-02T02:14:18.684529+00:00,hold,60,
05-game-schedule-kbo-opening-2025,05-game-schedule,05,kbo-opening-2025,2025 프로야구 개막전 일정,2025 프로야구 개막전 경기 일정과 티켓 예매,checklist,start,2025년 프로야구 개막전 일정과 예매 안내,mistralai/mistral-nemotron,2026-06-02T02:14:18.684529+00:00,hold,60,
05-game-schedule-nba-2025-regular-season,05-game-schedule,05,nba-2025-regular-season,2024-25 NBA 정규시즌 일정,2024-25 NBA 정규시즌 경기 일정 확인 방법,checklist,howto,2024-25 NBA 정규시즌 경기 일정 검색 팁,mistralai/mistral-nemotron,2026-06-02T02:14:18.684529+00:00,hold,60,
05-game-schedule-2024-25-k-league-1-schedule,05-game-schedule,05,2024-25-k-league-1-schedule,2024-25 K리그 1 일정,2024-25 K리그 1 정규시즌 경기 일정표,info,start,K리그 1 2024-25 시즌 모든 경기 일정 확인,mistralai/mistral-nemotron,2026-06-02T02:14:18.684529+00:00,hold,54,
05-game-schedule-2024-25-k-league-2-schedule,05-game-schedule,05,2024-25-k-league-2-schedule,2024-25 K리그 2 일정,2024-25 K리그 2 정규시즌 경기 일정표,info,start,K리그 2 2024-25 시즌 모든 경기 일정 확인,mistralai/mistral-nemotron,2026-06-02T02:14:18.684529+00:00,hold,54,
05-game-schedule-2024-25-k-league-broadcast-schedule,05-game-schedule,05,2024-25-k-league-broadcast-schedule,2024-25 K리그 중계 일정,2024-25 K리그 중계 일정 및 시청 방법,info,start,K리그 2024-25 시즌 모든 경기 중계 일정 및 시청안내,mistralai/mistral-nemotron,2026-06-02T02:14:18.684529+00:00,hold,54,
05-game-schedule-2024-25-k-league-championship-schedule,05-game-schedule,05,2024-25-k-league-championship-schedule,2024-25 K리그 챔피언십 일정,2024-25 K리그 챔피언십 경기 일정 및 예매 방법,info,start,K리그 챔피언십 2024-25 시즌 경기 일정 및 예매안내,mistralai/mistral-nemotron,2026-06-02T02:14:18.684529+00:00,hold,54,
05-game-schedule-2024-25-k-league-cup-schedule,05-game-schedule,05,2024-25-k-league-cup-schedule,2024-25 K리그 컵 토너먼트 일정,2024-25 K리그 컵 토너먼트 경기 일정 및 결과,info,start,K리그 컵 2024-25 시즌 토너먼트 경기 일정 및 결과 확인,mistralai/mistral-nemotron,2026-06-02T02:14:18.684529+00:00,hold,54,
05-game-schedule-2024-25-k-league-overseas-schedule,05-game-schedule,05,2024-25-k-league-overseas-schedule,2024-25 K리그 해외 중계 일정,2024-25 K리그 해외 중계 일정 및 플랫폼 안내,info,start,K리그 2024-25 시즌 해외 중계 일정과 플랫폼 확인,mistralai/mistral-nemotron,2026-06-02T02:14:18.684529+00:00,hold,54,
05-game-schedule-2024-25-k-league-radio-schedule,05-game-schedule,05,2024-25-k-league-radio-schedule,2024-25 K리그 라디오 중계 일정,2024-25 K리그 라디오 중계 일정 및 방송국 안내,info,start,K리그 2024-25 시즌 라디오 중계 일정 및 방송국 안내,mistralai/mistral-nemotron,2026-06-02T02:14:18.684529+00:00,hold,54,
05-game-schedule-2024-25-k-league-replay-schedule,05-game-schedule,05,2024-25-k-league-replay-schedule,2024-25 K리그 재경기 일정,2024-25 K리그 재경기 일정 및 주목할 경기,info,start,K리그 2024-25 시즌 재경기 일정과 주요 경기 안내,mistralai/mistral-nemotron,2026-06-02T02:14:18.684529+00:00,hold,54,
05-game-schedule-2024-25-k-league-ticket-schedule,05-game-schedule,05,2024-25-k-league-ticket-schedule,2024-25 K리그 예매 일정,2024-25 K리그 경기 예매 일정 및 방법 안내,info,howto,K리그 2024-25 시즌 경기 예매 일정과 방법 안내,mistralai/mistral-nemotron,2026-06-02T02:14:18.684529+00:00,hold,54,
05-game-schedule-2024-25-k-league-tv-schedule,05-game-schedule,05,2024-25-k-league-tv-schedule,2024-25 K리그 TV 중계 일정,2024-25 K리그 TV 중계 일정 및 채널 안내,info,start,K리그 2024-25 시즌 TV 중계 일정과 채널 확인,mistralai/mistral-nemotron,2026-06-02T02:14:18.684529+00:00,hold,54,
05-game-schedule-2024-25-k-league-weekend-schedule,05-game-schedule,05,2024-25-k-league-weekend-schedule,2024-25 K리그 주말 경기 일정,2024-25 K리그 주말 경기 일정 및 추천 경기,info,start,K리그 2024-25 시즌 주말 경기 일정과 추천 경기 안내,mistralai/mistral-nemotron,2026-06-02T02:14:18.684529+00:00,hold,54,
05-game-schedule-2024-foreign-champions-league,05-game-schedule,05,2024-foreign-champions-league,2024 해외축구 챔피언스 리그 일정,2024 해외축구 챔피언스 리그 주요 경기 일정 비교,info,compare,"2024년 UEFA 챔피언스리그, AFC 챔피언스리그 일정 비교.",mistralai/mistral-nemotron,2026-06-02T02:14:18.684529+00:00,hold,54,
05-game-schedule-2024-foreign-soccer-final,05-game-schedule,05,2024-foreign-soccer-final,2024 해외축구 주요 리그 마무리 일정,2024 해외축구 주요 리그 마무리 일정과 우승 경쟁 분석,info,review,"2024년 프리미어리그, 라리가, 분데스리가 마무리 일정과 우승 경쟁 분석.",mistralai/mistral-nemotron,2026-06-02T02:14:18.684529+00:00,hold,54,
05-game-schedule-2024-foreign-soccer-opener,05-game-schedule,05,2024-foreign-soccer-opener,2024 해외축구 주요 리그 개막 일정,2024 시즌 해외축구 주요 리그 개막전 일정 비교,compare,compare,"2024년 프리미어리그, 라리가, 분데스리가 개막일 비교.",mistralai/mistral-nemotron,2026-06-02T02:14:18.684529+00:00,hold,54,
05-game-schedule-2024-kleague-summer-broadcast,05-game-schedule,05,2024-kleague-summer-broadcast,2024 K리그 하계 시즌 중계 일정,2024 K리그 하계 시즌 TV 중계 일정과 시청 가이드,info,howto,2024년 K리그 하계 시즌 주요 경기 중계 채널과 시간표.,mistralai/mistral-nemotron,2026-06-02T02:14:18.684529+00:00,hold,54,
05-game-schedule-2024-premier-league-october,05-game-schedule,05,2024-premier-league-october,2024 프리미어리그 10월 하이라이트 일정,2024 프리미어리그 10월 주요 경기 일정과 승부처 분석,info,review,2024년 10월 프리미어리그 핵심 매치업과 전망.,mistralai/mistral-nemotron,2026-06-02T02:14:18.684529+00:00,hold,54,
05-game-schedule-2024-probasketball-final-predict,05-game-schedule,05,2024-probasketball-final-predict,2024 프로농구 파이널 일정예측,2024 프로농구 파이널 일정과 우승 팀 예측,info,tip,2024년 프로농구 파이널 일정과 우승 팀 전망.,mistralai/mistral-nemotron,2026-06-02T02:14:18.684529+00:00,hold,54,
05-game-schedule-2024-probasketball-playoff-broadcast,05-game-schedule,05,2024-probasketball-playoff-broadcast,2024 프로농구 플레이오프 TV 중계 일정,2024 프로농구 플레이오프 TV 중계 일정과 시청 방법,info,howto,2024년 프로농구 플레이오프 주요 경기 중계 채널과 시간표.,mistralai/mistral-nemotron,2026-06-02T02:14:18.684529+00:00,hold,54,
05-game-schedule-2024-probasketball-playoff-schedule,05-game-schedule,05,2024-probasketball-playoff-schedule,2024 프로농구 플레이오프 일정예측,2024 프로농구 플레이오프 일정과 우승 후보 분석,info,tip,2024년 프로농구 플레이오프 세부 일정과 승부처 분석.,mistralai/mistral-nemotron,2026-06-02T02:14:18.684529+00:00,hold,54,
05-game-schedule-2024-probasketball-regular-final,05-game-schedule,05,2024-probasketball-regular-final,2024 프로농구 정규시즌 마무리 일정,2024 프로농구 정규시즌 마무리 경기 일정과 플레이오프 전망,info,review,2024년 프로농구 정규시즌 마지막 경기 일정과 플레이오프 진출 팀 전망.,mistralai/mistral-nemotron,2026-06-02T02:14:18.684529+00:00,hold,54,
05-game-schedule-2025-euro-qualifier-korea,05-game-schedule,05,2025-euro-qualifier-korea,2025 유로컵 예선 한국 일정,2025 유로컵 예선 한국 대표팀 일정과 승부처 분석,info,review,2025 유로컵 예선 한국 대표팀 주요 경기 일정.,mistralai/mistral-nemotron,2026-06-02T02:14:18.684529+00:00,hold,54,
05-game-schedule-2025-kbo-allstar-broadcast,05-game-schedule,05,2025-kbo-allstar-broadcast,2025 프로야구 올스타전 중계 일정,2025 프로야구 올스타전 중계 채널과 시청 가이드,info,howto,2025년 KBO 리그 올스타전 TV 중계 채널과 시간표.,mistralai/mistral-nemotron,2026-06-02T02:14:18.684529+00:00,hold,54,
05-game-schedule-2025-kbo-allstar-schedule,05-game-schedule,05,2025-kbo-allstar-schedule,2025 프로야구 올스타전 일정,2025 프로야구 올스타전 일정과 라인업 전망,info,start,2025년 KBO 리그 올스타전 개최일과 예상 라인업.,mistralai/mistral-nemotron,2026-06-02T02:14:18.684529+00:00,hold,54,
05-game-schedule-2025-kbo-opener-broadcast,05-game-schedule,05,2025-kbo-opener-broadcast,2025 프로야구 개막전 중계 일정,2025 프로야구 개막전 중계 채널과 시청 가이드,info,howto,2025년 KBO 리그 개막전 TV 중계 채널과 시간표.,mistralai/mistral-nemotron,2026-06-02T02:14:18.684529+00:00,hold,54,
05-game-schedule-2025-provolleyball-january,05-game-schedule,05,2025-provolleyball-january,2025 프로배구 1월 일정,2025 프로배구 1월 주요 경기 일정과 승부처 분석,info,tip,2025년 1월 V리그 핵심 매치업과 승부처.,mistralai/mistral-nemotron,2026-06-02T02:14:18.684529+00:00,hold,54,
05-game-schedule-2025-provolleyball-seeding,05-game-schedule,05,2025-provolleyball-seeding,2025 프로배구 시드권 일정,2025 프로배구 시드권 경쟁팀 일정과 승부처 분석,info,tip,2025년 프로배구 시드권 경쟁팀 남은 경기 일정과 승부처 분석.,mistralai/mistral-nemotron,2026-06-02T02:14:18.684529+00:00,hold,54,
05-game-schedule-champions-league-2025-group-stage,05-game-schedule,05,champions-league-2025-group-stage,2025 챔피언스리그 조별리그 일정,2025-26 UEFA 챔피언스리그 조별리그 일정,info,local,2025-26그래픽 챔피언스리그 조별리그 경기 일정,mistralai/mistral-nemotron,2026-06-02T02:14:18.684529+00:00,hold,54,
05-game-schedule-euro-2024-group-stage,05-game-schedule,05,euro-2024-group-stage,유로 2024 조별리그 일정,유로 2024 조별리그 경기 일정 및 TV 중계 시간표,info,local,유로 2024 조별리그 경기 일정 및 중계 시간 확인,mistralai/mistral-nemotron,2026-06-02T02:14:18.684529+00:00,hold,54,
05-game-schedule-k-league-2024-schedule,05-game-schedule,05,k-league-2024-schedule,2024 K리그 클래식 일정표,2024 K리그 클래식 경기 일정표 및 중계 시간,info,start,2024년 K리그 클래식 리그 일정과 중계 정보를 확인하세요.,mistralai/mistral-nemotron,2026-06-02T02:14:18.684529+00:00,hold,54,
05-game-schedule-kleague-2024-summer-schedule,05-game-schedule,05,kleague-2024-summer-schedule,K리그 2024 하계 시즌 일정표,2024 K리그 하계 시즌 경기 일정 확인 방법,info,tip,2024년 하계 K리그 경기 일정 및 중계 안내,mistralai/mistral-nemotron,2026-06-02T02:14:18.684529+00:00,hold,54,
05-game-schedule-nba-2025-playoffs-round1,05-game-schedule,05,nba-2025-playoffs-round1,2024-25NBA 플레이오프 일정,2024-25 NBA 플레이오프 1라운드 일정 및 결과,info,local,2024-25 NBA 플레이오프 1라운드 경기 일정,mistralai/mistral-nemotron,2026-06-02T02:14:18.684529+00:00,hold,54,
05-game-schedule-pro-volleyball-2025-schedule,05-game-schedule,05,pro-volleyball-2025-schedule,2025 프로배구 2025 시즌 일정,2025 프로배구 시즌 경기 일정 및 TV 중계 안내,info,local,2025년 프로배구 시즌 경기 일정 확인 방법,mistralai/mistral-nemotron,2026-06-02T02:14:18.684529+00:00,hold,54,
05-game-schedule-pro-volleyball-national-team-2024,05-game-schedule,05,pro-volleyball-national-team-2024,2024 프로배구 3세트 국가대표전 일정,2024 프로배구 국가대표전 3세트 경기 일정,info,local,2024년 프로배구 국가대표전 3세트 경기 일정,mistralai/mistral-nemotron,2026-06-02T02:14:18.684529+00:00,hold,54,
05-game-schedule-pro-basketball-2024-playoffs,05-game-schedule,05,pro-basketball-2024-playoffs,2024프로농구플레이오프 일정,2024 프로농구 플레이오프 일정 및 중계 정보,info,compare,2024 프로농구 플레이오프 경기 일정 안내,mistralai/mistral-nemotron,2026-06-02T02:14:18.684529+00:00,hold,49,
05-game-schedule-pro-volleyball-2024-playoffs,05-game-schedule,05,pro-volleyball-2024-playoffs,2024프로배구플레이오프 일정,2024 프로배구 플레이오프 일정 및 중계채널,info,compare,2024 프로배구 플레이오프 경기 일정 확인 방법,mistralai/mistral-nemotron,2026-06-02T02:14:18.684529+00:00,hold,49,
05-game-schedule-2024-kbo-postseason-schedule,05-game-schedule,05,2024-kbo-postseason-schedule,2024 프로야구 포스트시즌 일정,2024 프로야구 포스트시즌 일정과 우승 후보 분석,info,issue,2024년 KBO 리그 포스트시즌 전체 일정과 승부처 분석.,mistralai/mistral-nemotron,2026-06-02T02:14:18.684529+00:00,hold,46,
05-game-schedule-2025-acl-final-schedule,05-game-schedule,05,2025-acl-final-schedule,2025 아시아 챔피언스 리그 결선 일정,2025 아시아 챔피언스 리그 결선 일정 및 예매 안내,info,issue,2025년 AFC 챔피언스리그 결승전 일정과 티켓 예매 방법.,mistralai/mistral-nemotron,2026-06-02T02:14:18.684529+00:00,hold,46,
05-game-schedule-2025-champions-league-knockout,05-game-schedule,05,2025-champions-league-knockout,2025 챔피언스리그 16강 일정,2025 챔피언스리그 16강 추첨 결과와 경기 일정,info,issue,2025년 챔피언스리그 16강 전격 일정 공개.,mistralai/mistral-nemotron,2026-06-02T02:14:18.684529+00:00,hold,46,
05-game-schedule-2025-provolleyball-playoff,05-game-schedule,05,2025-provolleyball-playoff,2025 프로배구 플레이오프 일정,2025 프로배구 플레이오프 일정과 우승 후보 분석,info,issue,2025년 프로배구 플레이오프 전체 일정과 승부처 분석.,mistralai/mistral-nemotron,2026-06-02T02:14:18.684529+00:00,hold,46,
05-game-schedule-premier-league-horse-racing-2024,05-game-schedule,05,premier-league-horse-racing-2024,2024 프리미어리그 경마 일정,2024 프리미어리그 경마 일정 및 결과 분석,info,issue,2024년 프리미어리그 경마 일정과 결과를 상세히 분석합니다.,mistralai/mistral-nemotron,2026-06-02T02:14:18.684529+00:00,hold,46,
05-international-sports-mlb-broadcast-guide-2024,05-international-sports,05,mlb-broadcast-guide-2024,메이저리그 중계 방법 2024,메이저리그 2024 중계 방법과 시청 가이드,howto,howto,2024년 메이저리그 중계 방법과 시청 가이드,mistralai/mistral-nemotron,2026-06-02T02:14:18.684529+00:00,hold,60,
05-international-sports-euro-2024-qualifiers,05-international-sports,05,euro-2024-qualifiers,유로 2024 예선 일정,유로 2024 예선 일정과 주요 경기 분석,info,tip,유로 2024 예선 일정과 주요 경기 분석,mistralai/mistral-nemotron,2026-06-02T02:14:18.684529+00:00,hold,54,
05-international-sports-nba-playoff-schedule-2024,05-international-sports,05,nba-playoff-schedule-2024,NBA 플레이오프 2024 일정,NBA 플레이오프 2024 일정 및 예약 방법,info,issue,NBA 플레이오프 2024의 일정과 예약 방법을 안내합니다.,mistralai/mistral-nemotron,2026-06-02T02:14:18.684529+00:00,hold,46,
05-international-sports-premier-league-schedule-2024,05-international-sports,05,premier-league-schedule-2024,프리미어리그 경기 일정 2024,프리미어리그 2024 경기 일정 및 주요 경기 예고,info,issue,2024년 프리미어리그 경기 일정과 주요 경기 예고,mistralai/mistral-nemotron,2026-06-02T02:14:18.684529+00:00,hold,46,
05-international-sports-juventus-2024-latest-match-analysis,05-international-sports,05,juventus-2024-latest-match-analysis,유벤투스 2024 최신 경기 분석,유벤투스 2024 최신 경기 분석과 결과,info,review,유벤투스 2024 최신 경기 분석과 결과,mistralai/mistral-nemotron,2026-06-02T02:14:18.684529+00:00,hold,42,
05-international-sports-euro-2024-qualifying-results,05-international-sports,05,euro-2024-qualifying-results,유로 2024 예선 결과,유로 2024 예선 최신 경기 결과와 순위,info,issue,유로 2024 예선 최신 경기 결과와 순위 현황,mistralai/mistral-nemotron,2026-06-02T02:14:18.684529+00:00,hold,34,
05-soccer-analysis-barcelona-transfer-market-check,05-soccer-analysis,05,barcelona-transfer-market-check,이적시장체크 바르셀로나,바르셀로나의 이적시장 체크 및 전략,info,issue,바르셀로나의 이적시장 체크 현황,mistralai/mistral-nemotron,2026-06-02T02:14:18.684529+00:00,hold,49,
05-soccer-analysis-asian-champions-league-winner-2024,05-soccer-analysis,05,asian-champions-league-winner-2024,2024년 아시안 챔피언스 리그 우승 팀 예측,2024년 아시안 챔피언스 리그 우승 팀 예측과 분석,compare,compare,2024년 아시안 챔피언스 리그 우승 팀 예측과 분석,mistralai/mistral-nemotron,2026-06-02T02:14:18.684529+00:00,hold,42,
05-soccer-league-epl-match-schedule-2023,05-soccer-league,05,epl-match-schedule-2023,2023년 EPL 경기 일정,2023년 EPL 경기 일정과 fixtures,info,review,2023년 EPL 경기 일정과 fixtures,mistralai/mistral-nemotron,2026-06-02T02:14:18.684529+00:00,hold,39,
05-soccer-league-k-league-2023-promotion,05-soccer-league,05,k-league-2023-promotion,2023년 K리그 승강전 일정,2023 K리그 승강전 일정과 진출팀,info,tip,2023년 K리그 승강전 일정과 진출팀 정리,mistralai/mistral-nemotron,2026-06-02T02:14:18.684529+00:00,hold,39,
05-soccer-league-korea-national-team-2023,05-soccer-league,05,korea-national-team-2023,2023년 한국축구 국가대표 일정,2023년 한국축구 국가대표 일정 및 경기 결과,info,tip,2023년 한국축구 국가대표 일정 및 경기 결과 안내,mistralai/mistral-nemotron,2026-06-02T02:14:18.684529+00:00,hold,39,
05-soccer-league-asian-cup-2023,05-soccer-league,05,asian-cup-2023,2023년 아시안컵 일정,2023년 아시안컵 일정과 한국 국가대표 출전정보,info,issue,2023년 아시안컵 일정과 한국 국가대표 출전정보 안내,mistralai/mistral-nemotron,2026-06-02T02:14:18.684529+00:00,hold,31,
05-soccer-league-asian-cup-2023-schedule,05-soccer-league,05,asian-cup-2023-schedule,2023년 아시안컵 한국 국가대표 경기 일정,2023 아시안컵 한국 국가대표 경기 일정,info,issue,2023년 아시안컵 한국 국가대표 경기 일정 정리,mistralai/mistral-nemotron,2026-06-02T02:14:18.684529+00:00,hold,31,
05-soccer-league-barcelona-fc-2023-schedule,05-soccer-league,05,barcelona-fc-2023-schedule,2023년 바르셀로나 FC 경기 일정,2023 바르셀로나 FC 경기 일정,info,issue,2023년 바르셀로나 FC 경기 일정과 결과 정리,mistralai/mistral-nemotron,2026-06-02T02:14:18.684529+00:00,hold,31,
05-soccer-league-liverpool-fc-2023-schedule,05-soccer-league,05,liverpool-fc-2023-schedule,2023년 리버풀 FC 경기 일정,2023 리버풀 FC 경기 일정,info,issue,2023년 리버풀 FC 경기 일정과 결과 정리,mistralai/mistral-nemotron,2026-06-02T02:14:18.684529+00:00,hold,31,
05-soccer-league-lol-msl-2023,05-soccer-league,05,lol-msl-2023,2023년 리그오브레전드 MSL 일정,2023년 리그오브레전드 MSL 일정과 진출 팀,info,issue,2023년 리그오브레전드 MSL 일정과 진출 팀 안내,mistralai/mistral-nemotron,2026-06-02T02:14:18.684529+00:00,hold,31,
05-soccer-league-lol-worlds-2023,05-soccer-league,05,lol-worlds-2023,2023 리그오브레전드 월드스,2023 리그오브레전드 월드스 대회 일정과 진출 팀,info,issue,2023년 리그오브레전드 월드 챔피언십 대회 일정과 진출 팀 안내,mistralai/mistral-nemotron,2026-06-02T02:14:18.684529+00:00,hold,31,
05-soccer-league-lol-worlds-teams-2023,05-soccer-league,05,lol-worlds-teams-2023,2023년 리그오브레전드 월드스 진출 팀,2023년 리그오브레전드 월드스 진출 팀 및 일정,info,issue,2023년 리그오브레전드 월드 챔피언십 진출 팀 및 일정 안내,mistralai/mistral-nemotron,2026-06-02T02:14:18.684529+00:00,hold,31,
05-soccer-league-manchester-city-2023-schedule,05-soccer-league,05,manchester-city-2023-schedule,2023년 맨체스터 시티 경기 일정,2023 맨체스터 시티 경기 일정,info,issue,2023년 맨체스터 시티 경기 일정과 결과 정리,mistralai/mistral-nemotron,2026-06-02T02:14:18.684529+00:00,hold,31,
05-soccer-league-world-cup-qualifiers-2023,05-soccer-league,05,world-cup-qualifiers-2023,2023년 FIFA 월드컵 예선 일정,2023년 FIFA 월드컵 예선 일정과 한국 국가대표 결과,info,issue,2023년 FIFA 월드컵 예선 일정과 한국 국가대표 결과 안내,mistralai/mistral-nemotron,2026-06-02T02:14:18.684529+00:00,hold,31,
05-soccer-league-epl-2023-assists,05-soccer-league,05,epl-2023-assists,2023년 EPL 어시스트 순위,2023 EPL 어시스트 순위와 어시스트왕 경쟁,info,compare,2023년 EPL 어시스트 순위와 어시스트왕 경쟁 분석,mistralai/mistral-nemotron,2026-06-02T02:14:18.684529+00:00,hold,27,
05-soccer-league-epl-2023-goals,05-soccer-league,05,epl-2023-goals,2023년 EPL 득점 순위,2023 EPL 득점 순위와 골왕 경쟁,info,compare,2023년 EPL 득점 순위와 골왕 경쟁 분석,mistralai/mistral-nemotron,2026-06-02T02:14:18.684529+00:00,hold,27,
05-soccer-league-epl-2023-most-goals-against,05-soccer-league,05,epl-2023-most-goals-against,2023년 EPL 최다 실점 팀 분석,2023 EPL 최다 실점 팀 분석과 약점,info,review,2023년 EPL 최다 실점 팀 분석과 약점,mistralai/mistral-nemotron,2026-06-02T02:14:18.684529+00:00,hold,27,
05-soccer-league-epl-2023-rank,05-soccer-league,05,epl-2023-rank,2023년 EPL 순위표,2023 EPL 승점 순위표와 강등권 분석,info,review,2023년 EPL 최신 승점 순위표와 강등권 팀 분석,mistralai/mistral-nemotron,2026-06-02T02:14:18.684529+00:00,hold,27,
05-soccer-league-epl-2023-relegation,05-soccer-league,05,epl-2023-relegation,2023년 EPL 강등권 팀 분석,2023 EPL 강등권 팀 분석과 생존 전략,info,review,2023년 EPL 강등권 팀 분석과 생존 전략,mistralai/mistral-nemotron,2026-06-02T02:14:18.684529+00:00,hold,27,
05-soccer-league-epl-2023-win-rate,05-soccer-league,05,epl-2023-win-rate,2023년 EPL 승률 높은 팀 분석,2023 EPL 승률 높은 팀 분석과 강점,info,review,2023년 EPL 승률 높은 팀 분석과 강점,mistralai/mistral-nemotron,2026-06-02T02:14:18.684529+00:00,hold,27,
05-soccer-league-epl-assist-leaders-2023,05-soccer-league,05,epl-assist-leaders-2023,2023년 EPL 최다 어시스트,2023년 EPL 최다 어시스트 선수와 전술 분석,info,review,2023년 EPL 최다 어시스트 선수와 전술 분석,mistralai/mistral-nemotron,2026-06-02T02:14:18.684529+00:00,hold,27,
05-soccer-league-epl-match-preview-2023,05-soccer-league,05,epl-match-preview-2023,2023년 EPL 경기 예고,2023년 EPL 경기 예고와 관전 포인트,info,review,2023년 EPL 경기 예고와 관전 포인트,mistralai/mistral-nemotron,2026-06-02T02:14:18.684529+00:00,hold,27,
05-soccer-league-epl-match-results-2023,05-soccer-league,05,epl-match-results-2023,2023년 EPL 경기 결과,2023년 EPL 경기 결과와 하이라이트,info,review,2023년 EPL 경기 결과와 하이라이트,mistralai/mistral-nemotron,2026-06-02T02:14:18.684529+00:00,hold,27,
05-soccer-league-epl-player-stats-2023,05-soccer-league,05,epl-player-stats-2023,2023년 EPL 선수 통계,2023년 EPL 선수 통계 및 주요 기록 분석,info,tip,2023년 잉글랜드 프리미어리그 선수 통계 및 주요 기록 분석 안내,mistralai/mistral-nemotron,2026-06-02T02:14:18.684529+00:00,hold,27,
05-soccer-league-epl-point-standings-2023,05-soccer-league,05,epl-point-standings-2023,2023년 EPL 승점순위,2023년 EPL 승점순위 및 최신 결과 확인하기,info,tip,2023년 잉글랜드 프리미어리그 승점순위와 최신 경기 결과 안내,mistralai/mistral-nemotron,2026-06-02T02:14:18.684529+00:00,hold,27,
05-soccer-league-epl-points-table-2023,05-soccer-league,05,epl-points-table-2023,2023년 EPL 승점 순위,2023년 EPL 승점 순위와 팀별 분석,info,review,2023년 EPL 승점 순위와 팀별 분석,mistralai/mistral-nemotron,2026-06-02T02:14:18.684529+00:00,hold,27,
05-soccer-league-epl-record-analysis-2023,05-soccer-league,05,epl-record-analysis-2023,2023년 EPL 전적 분석,2023년 EPL 전적 분석 및 주요 경기 결과,info,tip,2023년 잉글랜드 프리미어리그 전적 분석과 주요 경기 결과 안내,mistralai/mistral-nemotron,2026-06-02T02:14:18.684529+00:00,hold,27,
05-soccer-league-epl-save-leaders-2023,05-soccer-league,05,epl-save-leaders-2023,2023년 EPL 최다 세이브 골키퍼,2023년 EPL 최다 세이브 골키퍼와 수비 분석,info,review,2023년 EPL 최다 세이브 골키퍼와 수비 분석,mistralai/mistral-nemotron,2026-06-02T02:14:18.684529+00:00,hold,27,
05-soccer-league-epl-team-analysis-2023,05-soccer-league,05,epl-team-analysis-2023,2023년 EPL 팀별 전력 분석,2023년 EPL 팀별 전력 분석과 전망,info,review,2023년 EPL 팀별 전력 분석과 전망,mistralai/mistral-nemotron,2026-06-02T02:14:18.684529+00:00,hold,27,
05-soccer-league-epl-team-match-analysis-2023,05-soccer-league,05,epl-team-match-analysis-2023,2023년 EPL 팀별 경기 분석,2023년 EPL 팀별 경기 분석과 전망,info,review,2023년 EPL 팀별 경기 분석과 전망,mistralai/mistral-nemotron,2026-06-02T02:14:18.684529+00:00,hold,27,
05-soccer-league-epl-top-scorers-2023,05-soccer-league,05,epl-top-scorers-2023,2023년 EPL 최다 득점자,2023년 EPL 최다 득점자와 득점왕 후보 분석,info,review,2023년 EPL 최다 득점자 현황과 득점왕 후보 분석,mistralai/mistral-nemotron,2026-06-02T02:14:18.684529+00:00,hold,27,
05-soccer-league-epl-transfer-market-2023,05-soccer-league,05,epl-transfer-market-2023,2023년 EPL 이적 시장,2023년 EPL 이적 시장 소식과 주요 이적,info,review,2023년 EPL 이적 시장 소식과 주요 이적,mistralai/mistral-nemotron,2026-06-02T02:14:18.684529+00:00,hold,27,
05-soccer-league-epl-win-probability-2023,05-soccer-league,05,epl-win-probability-2023,2023년 EPL 승리 확률 분석,2023년 EPL 승리 확률 분석 및 주요 경기 전망,info,tip,2023년 잉글랜드 프리미어리그 승리 확률 분석 및 주요 경기 전망 안내,mistralai/mistral-nemotron,2026-06-02T02:14:18.684529+00:00,hold,27,
05-soccer-league-k-league1-2023-assists,05-soccer-league,05,k-league1-2023-assists,2023년 K리그1 어시스트 순위,2023 K리그1 어시스트 순위와 어시스트왕 경쟁,info,compare,2023년 K리그1 어시스트 순위와 어시스트왕 경쟁 분석,mistralai/mistral-nemotron,2026-06-02T02:14:18.684529+00:00,hold,27,
05-soccer-league-k-league1-2023-goals,05-soccer-league,05,k-league1-2023-goals,2023년 K리그1 득점 순위,2023 K리그1 득점 순위와 골왕 경쟁,info,compare,2023년 K리그1 득점 순위와 골왕 경쟁 분석,mistralai/mistral-nemotron,2026-06-02T02:14:18.684529+00:00,hold,27,
05-soccer-league-k-league1-2023-most-goals-against,05-soccer-league,05,k-league1-2023-most-goals-against,2023년 K리그1 최다 실점 팀 분석,2023 K리그1 최다 실점 팀 분석과 약점,info,review,2023년 K리그1 최다 실점 팀 분석과 약점,mistralai/mistral-nemotron,2026-06-02T02:14:18.684529+00:00,hold,27,
05-soccer-league-k-league1-2023-rank,05-soccer-league,05,k-league1-2023-rank,2023년 K리그1 승점 순위,2023 K리그1 승점 순위표와 강등권 분석,info,review,2023년 K리그1 승점 순위표와 강등권 팀 분석,mistralai/mistral-nemotron,2026-06-02T02:14:18.684529+00:00,hold,27,
05-soccer-league-k-league1-2023-relegation,05-soccer-league,05,k-league1-2023-relegation,2023년 K리그1 강등권 팀 분석,2023 K리그1 강등권 팀 분석과 생존 전략,info,review,2023년 K리그1 강등권 팀 분석과 생존 전략,mistralai/mistral-nemotron,2026-06-02T02:14:18.684529+00:00,hold,27,
05-soccer-league-k-league1-2023-win-rate,05-soccer-league,05,k-league1-2023-win-rate,2023년 K리그1 승률 높은 팀 분석,2023 K리그1 승률 높은 팀 분석과 강점,info,review,2023년 K리그1 승률 높은 팀 분석과 강점,mistralai/mistral-nemotron,2026-06-02T02:14:18.684529+00:00,hold,27,
05-soccer-league-kleague-match-preview-2023,05-soccer-league,05,kleague-match-preview-2023,2023년 K리그 경기 예고,2023년 K리그 경기 예고 및 주요 경기 분석,info,tip,2023년 K리그 경기 예고 및 주요 경기 분석 안내,mistralai/mistral-nemotron,2026-06-02T02:14:18.684529+00:00,hold,27,
05-soccer-league-kleague-standings-2023,05-soccer-league,05,kleague-standings-2023,2023년 K리그 승강차 순위,2023년 K리그 승강차 순위와 최신 경기 결과,info,tip,2023년 K리그 승강차 순위와 최신 경기 결과 안내,mistralai/mistral-nemotron,2026-06-02T02:14:18.684529+00:00,hold,27,
05-soccer-league-korea-asian-cup-results-2023,05-soccer-league,05,korea-asian-cup-results-2023,2023년 아시안컵 한국 국가대표 결과,2023년 아시안컵 한국 국가대표 결과 및 경기 분석,info,tip,2023년 아시안컵 한국 국가대표 결과 및 경기 분석 안내,mistralai/mistral-nemotron,2026-06-02T02:14:18.684529+00:00,hold,27,
05-soccer-league-lol-msl-results-2023,05-soccer-league,05,lol-msl-results-2023,2023년 리그오브레전드 MSL 결과,2023년 리그오브레전드 MSL 결과와 최신 경기 분석,info,tip,2023년 리그오브레전드 MSL 결과와 최신 경기 분석 안내,mistralai/mistral-nemotron,2026-06-02T02:14:18.684529+00:00,hold,27,
05-soccer-league-kleague-match-fixing-2023,05-soccer-league,05,kleague-match-fixing-2023,2023년 K리그 승부조작 사건,2023년 K리그 승부조작 사건 및 최신 소식,news,issue,2023년 K리그 승부조작 사건 및 최신 소식 안내,mistralai/mistral-nemotron,2026-06-02T02:14:18.684529+00:00,hold,19,
05-soccer-league-kleague-transfer-news-2023,05-soccer-league,05,kleague-transfer-news-2023,2023년 K리그 선수 이적 소식,2023년 K리그 선수 이적 소식 및 최신 동향,news,issue,2023년 K리그 선수 이적 소식 및 최신 동향 안내,mistralai/mistral-nemotron,2026-06-02T02:14:18.684529+00:00,hold,19,
05-soccer-league-korea-asian-cup-2023,05-soccer-league,05,korea-asian-cup-2023,2023년 아시안컵 한국 국가대표 명단,2023년 아시안컵 한국 국가대표 명단 및 선수 소개,info,issue,2023년 아시안컵 한국 국가대표 명단 및 선수 소개 안내,mistralai/mistral-nemotron,2026-06-02T02:14:18.684529+00:00,hold,19,
05-soccer-player-asia-football-players-ranking-2023,05-soccer-player,05,asia-football-players-ranking-2023,2023년 아시아 축구 선수 순위,2023년 아시아 축구 선수 순위와 분석,info,compare,2023년 아시아 축구 선수들의 순위 분석,mistralai/mistral-nemotron,2026-06-02T02:14:18.684529+00:00,hold,27,
05-soccer-player-k-league-english-players-2023,05-soccer-player,05,k-league-english-players-2023,2023년 K리그 영국인 선수,2023년 K리그 영국인 선수 목록과 성적 분석,info,compare,K리그에서 뛰는 영국 출신 선수들의 현황,mistralai/mistral-nemotron,2026-06-02T02:14:18.684529+00:00,hold,27,
05-soccer-player-k-league-mvp-2023,05-soccer-player,05,k-league-mvp-2023,2023년 K리그 MVP 후보,2023년 K리그 MVP 후보와 예상 수상자,info,compare,2023년 K리그 MVP 후보 분석,mistralai/mistral-nemotron,2026-06-02T02:14:18.684529+00:00,hold,27,
05-sports-event-2025-asian-games-schedule,05-sports-event,05,2025-asian-games-schedule,2025년 아시안게임 스포츠별 일정,2025년 아시안게임 스포츠별 일정 및 주요 종목 안내,info,start,2025년 아시안게임에서 진행되는 각 스포츠별 세부 일정과 주요 종목 소개,mistralai/mistral-nemotron,2026-06-02T02:14:18.684529+00:00,hold,54,
05-sports-event-2025-fiba-basketball-schedule,05-sports-event,05,2025-fiba-basketball-schedule,2025년 세계농구연맹 대회 일정,2025년 세계농구연맹 대회 일정 및 주요 팀 분석,info,start,2025년 세계농구연맹에서 진행되는 주요 대회 일정과 주요 팀 분석,mistralai/mistral-nemotron,2026-06-02T02:14:18.684529+00:00,hold,54,
05-sports-event-2025-fifa-football-schedule,05-sports-event,05,2025-fifa-football-schedule,2025년 세계축구협회 대회 일정,2025년 세계축구협회 대회 일정 및 주요 팀 분석,info,start,2025년 세계축구협회에서 진행되는 주요 대회 일정과 주요 팀 분석,mistralai/mistral-nemotron,2026-06-02T02:14:18.684529+00:00,hold,54,
05-sports-event-2025-fina-aquatics-schedule,05-sports-event,05,2025-fina-aquatics-schedule,2025년 세계수영연맹 대회 일정,2025년 세계수영연맹 대회 일정 및 주요 종목 분석,info,start,2025년 세계수영연맹에서 진행되는 주요 대회 일정과 주요 종목 분석,mistralai/mistral-nemotron,2026-06-02T02:14:18.684529+00:00,hold,54,
05-sports-event-2025-fivb-volleyball-schedule,05-sports-event,05,2025-fivb-volleyball-schedule,2025년 세계배구연맹 대회 일정,2025년 세계배구연맹 대회 일정 및 주요 선수 분석,info,start,2025년 세계배구연맹에서 진행되는 주요 대회 일정과 주요 선수 분석,mistralai/mistral-nemotron,2026-06-02T02:14:18.684529+00:00,hold,54,
05-sports-event-2025-kbo-allstar-game,05-sports-event,05,2025-kbo-allstar-game,2025년 KBO 리그 올스타 게임 정보,2025년 KBO 리그 올스타 게임 일정 및 참가 선수 명단,info,start,2025년 KBO 리그 올스타 게임 일정과 참가 선수 명단 소개,mistralai/mistral-nemotron,2026-06-02T02:14:18.684529+00:00,hold,54,
05-sports-event-2025-korean-boxing-schedule,05-sports-event,05,2025-korean-boxing-schedule,2025년 한국복싱협회 대회 일정,2025년 한국복싱협회 대회 일정 및 강팀 분석,info,start,2025년 한국복싱협회에서 진행되는 주요 대회 일정과 강팀 분석,mistralai/mistral-nemotron,2026-06-02T02:14:18.684529+00:00,hold,54,
05-sports-event-2025-korean-wrestling-schedule,05-sports-event,05,2025-korean-wrestling-schedule,2025년 한국레슬링협회 대회 일정,2025년 한국레슬링협회 대회 일정 및 강팀 분석,info,start,2025년 한국레슬링협회에서 진행되는 주요 대회 일정과 강팀 분석,mistralai/mistral-nemotron,2026-06-02T02:14:18.684529+00:00,hold,54,
05-sports-event-2025-lol-ragame-major-event,05-sports-event,05,2025-lol-ragame-major-event,2025년 라게임 메이저 대회 정보,2025년 라게임 메이저 대회 일정 및 참가 방법 안내,info,start,2025년 라게임에서 진행되는 메이저 대회 일정과 참가 방법 안내,mistralai/mistral-nemotron,2026-06-02T02:14:18.684529+00:00,hold,54,
05-sports-event-2025-v-league-schedule-analysis,05-sports-event,05,2025-v-league-schedule-analysis,2025년 V리그 시즌 일정 분석,2025년 V리그 시즌 일정 및 강팀 진출 가능성 분석,info,start,2025년 V리그 시즌 일정 및 주요 강팀의 진출 가능성 분석,mistralai/mistral-nemotron,2026-06-02T02:14:18.684529+00:00,hold,54,
05-sports-event-drone-racing-2024,05-sports-event,05,drone-racing-2024,2024년 드론레이싱 대회 일정,2024년 국내외 드론레이싱 대회 일정 및 참가 방법,info,howto,2024년 드론레이싱 대회 일정 및 참가 방법 안내,mistralai/mistral-nemotron,2026-06-02T02:14:18.684529+00:00,hold,54,
05-sports-event-kbo-allstar-2024-ticket,05-sports-event,05,kbo-allstar-2024-ticket,2024년 한국프로야구 올스타전 티켓,2024년 한국프로야구 올스타전 티켓 구매 방법 및 일정,info,howto,2024년 한국프로야구 올스타전 티켓 구매 방법 및 경기 일정,mistralai/mistral-nemotron,2026-06-02T02:14:18.684529+00:00,hold,54,
05-sports-event-kleague-rivalry-2024,05-sports-event,05,kleague-rivalry-2024,2024년 한국라이벌대전 일정표,2024년 K리그 한국라이벌대전 일정표 및 역대 전적 분석,info,compare,2024년 K리그 주요 라이벌전 일정 및 역대 전적 분석,mistralai/mistral-nemotron,2026-06-02T02:14:18.684529+00:00,hold,54,
05-sports-event-seoul-marathon-2024,05-sports-event,05,seoul-marathon-2024,2024년 서울 마라톤 대회 정보,2024년 서울 마라톤 대회 일정 및 참가 방법,info,howto,2024년 서울 마라톤 대회 정보 및 참가 방법 안내,mistralai/mistral-nemotron,2026-06-02T02:14:18.684529+00:00,hold,54,
05-sports-event-2024-asian-cup-schedule-results,05-sports-event,05,2024-asian-cup-schedule-results,2024년 아시아 컵 대회 일정 및 결과,2024 아시아 컵 대회 일정과 주요 경기 결과,info,issue,2024년 아시아 컵 대회 일정 및 결과 안내,mistralai/mistral-nemotron,2026-06-02T02:14:18.684529+00:00,hold,46,
05-sports-event-2024-fifa-world-cup-schedule,05-sports-event,05,2024-fifa-world-cup-schedule,2024년 FIFA 월드컵 일정 및 상세 정보,2024 FIFA 월드컵 일정과 주요 경기 상세 정보,info,issue,2024년 FIFA 월드컵 일정과 주요 경기 정보 안내,mistralai/mistral-nemotron,2026-06-02T02:14:18.684529+00:00,hold,46,
05-sports-event-2024-kbl-playoff-schedule,05-sports-event,05,2024-kbl-playoff-schedule,2024년 한국프로농구 플레이오프 일정,2024 KBL 플레이오프 일정 및 관계자 열정,info,issue,2024년 한국프로농구 플레이오프 일정 안내,mistralai/mistral-nemotron,2026-06-02T02:14:18.684529+00:00,hold,46,
05-sports-event-2024-lpga-tour-schedule,05-sports-event,05,2024-lpga-tour-schedule,2024년 LPGA 투어 주요 대회 안내,2024 LPGA 투어 주요 대회 일정과 특징,info,issue,2024년 LPGA 투어 주요 대회 안내,mistralai/mistral-nemotron,2026-06-02T02:14:18.684529+00:00,hold,46,
05-sports-event-2024-nba-allstar-weekend-schedule,05-sports-event,05,2024-nba-allstar-weekend-schedule,2024년 NBA 올스타 주말 행사 일정,2024 NBA 올스타 주말 행사 일정과 하이라이트,info,issue,2024 NBA 올스타 주말 행사 일정,mistralai/mistral-nemotron,2026-06-02T02:14:18.684529+00:00,hold,46,
05-sports-event-2024-pga-tour-schedule,05-sports-event,05,2024-pga-tour-schedule,2024년 PGA 투어 주요 대회 일정,2024 PGA 투어 주요 대회 일정과 참가 선수 정보,info,issue,2024년 PGA 투어 주요 대회 일정 안내,mistralai/mistral-nemotron,2026-06-02T02:14:18.684529+00:00,hold,46,
05-sports-event-asian-games-2024-football,05-sports-event,05,asian-games-2024-football,2024년 아시안게임 축구 대회 일정,2024년 아시안게임 남자 축구 대회 일정 및 대표팀 분석,info,issue,2024년 아시안게임 축구 대회 일정 및 한국 대표팀 분석,mistralai/mistral-nemotron,2026-06-02T02:14:18.684529+00:00,hold,46,
05-sports-event-asiangames-2024-schedule,05-sports-event,05,asiangames-2024-schedule,2024년 도하 아시아게임 일정,2024년 도하 아시아게임 주요 스포츠 종목 일정 및 결과 예상,info,issue,2024년 도하 아시아게임 주요 종목별 경기 일정 분석,mistralai/mistral-nemotron,2026-06-02T02:14:18.684529+00:00,hold,46,
05-sports-event-champions-league-2024-qualifiers,05-sports-event,05,champions-league-2024-qualifiers,2024년 챔피언스리그 예선전 일정,2024년 UEFA 챔피언스리그 예선전 일정 상세 안내,info,issue,2024년 UEFA 챔피언스리그 예선전 일정 및 상대 팀 분석,mistralai/mistral-nemotron,2026-06-02T02:14:18.684529+00:00,hold,46,
05-sports-event-olympics-2024-schedule,05-sports-event,05,olympics-2024-schedule,2024년 올림픽 스포츠 종목별 일정,2024년 하계 올림픽 주요 스포츠 종목 일정 및 예상 승자,info,issue,파리 올림픽 2024 주요 종목별 경기 일정 분석,mistralai/mistral-nemotron,2026-06-02T02:14:18.684529+00:00,hold,46,
05-sports-event-worldcup-euro-qualifiers-2024,05-sports-event,05,worldcup-euro-qualifiers-2024,2024년 월드컵 유럽 지역 예선 결과,2024년 FIFA 월드컵 유럽 지역 예선 결과 및 승격 팀 분석,info,review,2024년 월드컵 유럽 지역 예선 결과 정리 및 분석,mistralai/mistral-nemotron,2026-06-02T02:14:18.684529+00:00,hold,42,
05-sports-issue-k-league-mvp-analysis,05-sports-issue,05,k-league-mvp-analysis,2023 K리그 최고의 MVP 후보,2023 K리그 최고의 MVP 후보 분석,info,compare,2023 K리그에서 MVP로 거론되는 선수들의 분석,mistralai/mistral-nemotron,2026-06-02T02:14:18.684529+00:00,hold,27,
05-sports-issue-mlb-rookie-analysis,05-sports-issue,05,mlb-rookie-analysis,2023 MLB 신인왕 후보 분석,2023 MLB 신인왕 후보 분석과 통계 비교,compare,compare,2023 MLB 신인왕 후보들의 통계 분석,mistralai/mistral-nemotron,2026-06-02T02:14:18.684529+00:00,hold,27,
05-sports-issue-olympics-qualification-results,05-sports-issue,05,olympics-qualification-results,2023 올림픽 스포츠 종목별 예선 결과,2023 올림픽 스포츠 종목별 예선 결과와 분석,info,review,2023 올림픽 예선 결과와 주요 이슈,mistralai/mistral-nemotron,2026-06-02T02:14:18.684529+00:00,hold,27,
05-sports-news-football-history-records,05-sports-news,05,football-history-records,해외축구 명기록,해외축구 역사상 명기록과 레전드 선수,info,issue,해외축구 역사상 명기록과 레전드 선수 소개,mistralai/mistral-nemotron,2026-06-02T02:14:18.684529+00:00,hold,49,
05-sports-news-2024-fifa-worldcup-europe-qualifier,05-sports-news,05,2024-fifa-worldcup-europe-qualifier,2024 fifa 월드컵 유럽 예선 일정표,2024 FIFA 월드컵 유럽 예선 일정표 및 주요 경기,info,issue,2024 FIFA 월드컵 유럽 지역 예선 일정과 분석,mistralai/mistral-nemotron,2026-06-02T02:14:18.684529+00:00,hold,46,
05-sports-news-2024-uefa-champions-league-final,05-sports-news,05,2024-uefa-champions-league-final,2024년 유럽 챔피언스리그 결승전 일정,2024년 유럽 챔피언스리그 결승전 일정 및 분석,info,issue,2024년럽 챔피언스리그 결승전 일정과 분석,mistralai/mistral-nemotron,2026-06-02T02:14:18.684529+00:00,hold,46,
05-sports-news-2024-uefa-champions-league-qualifier,05-sports-news,05,2024-uefa-champions-league-qualifier,2024 유럽 챔피언스리그 예선 일정,2024 유럽 챔피언스리그 예선 일정 및 주요 경기,info,issue,2024 유럽 챔피언스리그 예선 일정과 주요 경기 분석,mistralai/mistral-nemotron,2026-06-02T02:14:18.684529+00:00,hold,46,
05-sports-news-2024-uefa-europa-league-group-stage,05-sports-news,05,2024-uefa-europa-league-group-stage,2024 유로파 리그 조별 리그 일정,2024 유로파 리그 조별 리그 일정과 주요 경기,info,issue,2024 유로파 리그 조별 리그 일정과 주요 경기 분석,mistralai/mistral-nemotron,2026-06-02T02:14:18.684529+00:00,hold,46,
05-sports-news-korean-football-schedule,05-sports-news,05,korean-football-schedule,한국 축구대표팀 일정,한국 축구 국가대표팀 2024 일정 및 성적,info,issue,한국 축구 국가대표팀 2024년 일정과 성적 정리,mistralai/mistral-nemotron,2026-06-02T02:14:18.684529+00:00,hold,46,
05-sports-news-korean-football-schedule-2024,05-sports-news,05,korean-football-schedule-2024,2024 한국 축구 일정,2024 한국 축구 일정과 주요 대회 안내,info,issue,2024년 한국 축구 주요 대회와 일정 정리,mistralai/mistral-nemotron,2026-06-02T02:14:18.684529+00:00,hold,46,
05-sports-news-nba-finals-2024,05-sports-news,05,nba-finals-2024,2024 NBA 결승전 일정,2024 NBA 결승전 일정 및 경기 결과,info,issue,2024 NBA 결승전 일정 및 경기 결과 정리,mistralai/mistral-nemotron,2026-06-02T02:14:18.684529+00:00,hold,46,
05-sports-news-kbo-draft-2024,05-sports-news,05,kbo-draft-2024,야구 신인 드래프트 2024,2024 야구 신인 드래프트 결과 및 전망,info,issue,2024년 야구 신인 드래프트 결과와 선수 전망,mistralai/mistral-nemotron,2026-06-02T02:14:18.684529+00:00,hold,34,
05-sports-marketing-sports-marketing-trend-2023,05-sports-marketing,05,sports-marketing-trend-2023,스포츠 마케팅 트렌드 2023,2023년 스포츠 마케팅의 최신 트렌드와 발전 방향,info,issue,2023년 스포츠 마케팅의 주요 트렌드와 미래 전망,mistralai/mistral-nemotron,2026-06-02T02:14:18.684529+00:00,hold,19,
05-sports-marketing-sports-uniform-design-trend,05-sports-marketing,05,sports-uniform-design-trend,스포츠 마케팅 유니폼 디자인 트렌드,2023년 스포츠 유니폼 디자인 마케팅 트렌드,info,issue,2023년 스포츠 유니폼 디자인 마케팅의 최신 트렌드,mistralai/mistral-nemotron,2026-06-02T02:14:18.684529+00:00,hold,19,
06-car-accessories-new-car-portable-vacuum,06-car-accessories,06,new-car-portable-vacuum,차량용 휴대용 진공청소기 최신 모델,2023 차량용 휴대용 진공청소기 최신 모델 비교,compare,compare,최근 출시된 차량용 휴대용 진공청소기 성능과 기능 비교,mistralai/mistral-nemotron,2026-06-02T02:14:18.684529+00:00,hold,55,
06-car-accessories-best-car-wireless-charger,06-car-accessories,06,best-car-wireless-charger,차량용 휴대용 무선충전기 추천,2023년 차량용 휴대용 무선충전기 베스트 5,review,review,차량 내 사용 가능한 무선충전기의 성능 비교,mistralai/mistral-nemotron,2026-06-02T02:14:18.684529+00:00,hold,51,
06-car-inspection-car-check-app-2023,06-car-inspection,06,car-check-app-2023,자동차 점검 앱 최신 버전,2023년 최신 자동차 점검 앱 비교와 추천,compare,compare,2023년 최신 자동차 점검 앱을 비교하고 추천합니다.,mistralai/mistral-nemotron,2026-06-02T02:14:18.684529+00:00,hold,55,
06-car-insurance-auto-insurance-recommend-rank-2023,06-car-insurance,06,auto-insurance-recommend-rank-2023,자동차 보험 추천 순위,2023년 자동차 보험 추천 순위와 비교,compare,compare,2023년 자동차 보험 추천 순위와 비교를 제공합니다.,mistralai/mistral-nemotron,2026-06-02T02:14:18.684529+00:00,hold,43,
07-digital-security-digital-security-apps-2023,07-digital-security,07,digital-security-apps-2023,디지털 보안 앱 추천 최신 버전,2023년 디지털 보안 최신 앱 추천과 비교,compare,compare,2023년 최신 디지털 보안 앱을 비교하고 추천합니다.,mistralai/mistral-nemotron,2026-06-02T02:14:18.684529+00:00,hold,43,
07-digital-security-digital-security-issues-2023,07-digital-security,07,digital-security-issues-2023,2023년 디지털 보안 이슈 요약,2023년 디지털 보안 주요 이슈와 분석,info,issue,2023년에 발생한 디지털 보안 이슈와 주요 사건들을 정리했습니다.,mistralai/mistral-nemotron,2026-06-02T02:14:18.684529+00:00,hold,35,
07-security-issue-anti-virus-recommendations-2023,07-security-issue,07,anti-virus-recommendations-2023,바이러스 백신 추천 최신,2023년 최신 바이러스 백신 프로그램 추천,compare,compare,2023년 최신 바이러스 백신 프로그램을 비교 추천합니다.,mistralai/mistral-nemotron,2026-06-02T02:14:18.684529+00:00,hold,43,
08-beauty-product-review-best-lipgloss-2023,08-beauty-product-review,08,best-lipgloss-2023,2023년 올해의 립글로스,2023년 올해의 립글로스 추천: 인기 제품 리뷰,compare,review,2023년 최고의 립글로스 제품 리뷰와 추천,mistralai/mistral-nemotron,2026-06-02T02:14:18.684529+00:00,hold,43,
08-beauty-product-review-best-mist-2023,08-beauty-product-review,08,best-mist-2023,2023년 베스트 미스트,2023년 베스트 미스트 추천: 인기 제품 리뷰,compare,review,2023년 최고의 미스트 제품 리뷰와 추천,mistralai/mistral-nemotron,2026-06-02T02:14:18.684529+00:00,hold,43,
08-beauty-product-review-new-mask-pack-2023,08-beauty-product-review,08,new-mask-pack-2023,2023년 신상 마스크팩,2023년 신상 마스크팩 추천: 인기 제품 리뷰,compare,review,2023년 신상 마스크팩 제품 리뷰 및 추천,mistralai/mistral-nemotron,2026-06-02T02:14:18.684529+00:00,hold,43,
08-beauty-product-review-popular-eyeliner-2023,08-beauty-product-review,08,popular-eyeliner-2023,2023년 인기 아이라이너,2023년 인기 아이라이너 추천: 제품 리뷰 및 비교,compare,review,2023년 가장 인기 있는 아이라이너 제품 리뷰,mistralai/mistral-nemotron,2026-06-02T02:14:18.684529+00:00,hold,43,
08-beauty-product-review-popular-eyeshadow-palette-2023,08-beauty-product-review,08,popular-eyeshadow-palette-2023,2023년 인기 아이섀도우 팰릿,2023년 인기 아이섀도우 팰릿 추천: 제품 리뷰,compare,review,2023년 인기 있는 아이섀도우 팰릿 제품 리뷰,mistralai/mistral-nemotron,2026-06-02T02:14:18.684529+00:00,hold,43,
08-beauty-product-review-popular-lipstick-colors-2023,08-beauty-product-review,08,popular-lipstick-colors-2023,2023년 인기 립스틱 컬러,2023년 인기 립스틱 컬러 추천: 제품 리뷰,compare,review,2023년 인기 있는 립스틱 컬러 제품 리뷰,mistralai/mistral-nemotron,2026-06-02T02:14:18.684529+00:00,hold,43,
08-beauty-product-review-cleansing-oil,08-beauty-product-review,08,cleansing-oil,클렌징오일 추천,클렌징오일 추천 2023: 피부타입별 최적 제품 비교,compare,review,피부타입에 맞는 클렌징오일 추천 및 비교 리뷰,mistralai/mistral-nemotron,2026-06-02T02:14:18.684529+00:00,hold,34,
08-beauty-tips-cosmetics-discount-event,08-beauty-tips,08,cosmetics-discount-event,화장품 할인 이벤트 모음,2023년 화장품 할인 이벤트 일정과 혜택,info,issue,올해 화장품 할인 이벤트 정보,mistralai/mistral-nemotron,2026-06-02T02:14:18.684529+00:00,hold,47,
10-restaurant-review-gangnam-limited-dessert-cafe,10-restaurant-review,10,gangnam-limited-dessert-cafe,2023년 강남역 한정판 디저트 카페,2023년 강남역 한정판 디저트 카페 리뷰,review,review,2023년 강남역에서 한정판 디저트를 판매하는 카페 리뷰,mistralai/mistral-nemotron,2026-06-02T02:14:18.684529+00:00,hold,43,
10-restaurant-review-popup-restaurant-2023,10-restaurant-review,10,popup-restaurant-2023,2023년 신개념 팝업 레스토랑,2023년 신개념 팝업 레스토랑 리뷰와 추천,review,review,2023년 새로운 테마와 컨셉으로 열린 팝업 레스토랑 리뷰,mistralai/mistral-nemotron,2026-06-02T02:14:18.684529+00:00,hold,43,
10-restaurant-review-seoul-limited-dessert-cafe,10-restaurant-review,10,seoul-limited-dessert-cafe,2023년 서울 한정판 디저트 카페,2023년 서울 한정판 디저트 카페 리뷰,review,review,2023년 서울에서 한정판 디저트를 판매하는 카페 리뷰,mistralai/mistral-nemotron,2026-06-02T02:14:18.684529+00:00,hold,43,
11-domestic-travel-destinations-busan-haeundae-half-marathon-2023,11-domestic-travel-destinations,11,busan-haeundae-half-marathon-2023,부산 해운대 2023 하프마라톤 코스,부산 해운대 하프마라톤 2023 코스 및 준비 팁,howto,tip,부산 해운대 하프마라톤 2023 코스와 마라톤 준비 팁,mistralai/mistral-nemotron,2026-06-02T02:14:18.684529+00:00,hold,61,
11-domestic-travel-destinations-gwangju-vivid-autumn-night-market-2023,11-domestic-travel-destinations,11,gwangju-vivid-autumn-night-market-2023,광주 비비드 2023 가을야시장,광주 비비드 가을야시장 2023 행사 일정,info,issue,광주 비비드에서 열리는 가을야시장 일정과 행사,mistralai/mistral-nemotron,2026-06-02T02:14:18.684529+00:00,hold,47,
11-domestic-travel-destinations-jeonju-hanok-village-autumn-event-2023,11-domestic-travel-destinations,11,jeonju-hanok-village-autumn-event-2023,전주 한옥마을 2023 가을행사,전주 한옥마을 가을행사 2023 일정과 추천 코스,info,issue,전주 한옥마을에서 열리는 가을행사 일정과 추천 코스,mistralai/mistral-nemotron,2026-06-02T02:14:18.684529+00:00,hold,47,
11-domestic-travel-destinations-sejong-autumn-flower-festival-2023,11-domestic-travel-destinations,11,sejong-autumn-flower-festival-2023,세종시 2023 가을꽃축제,세종시 가을꽃축제 2023 일정과 명소,info,issue,2023년 세종시에서 열리는 가을꽃축제 일정과 명소,mistralai/mistral-nemotron,2026-06-02T02:14:18.684529+00:00,hold,47,
11-domestic-travel-destinations-daegu-seomun-market-autumn-restaurants-2023,11-domestic-travel-destinations,11,daegu-seomun-market-autumn-restaurants-2023,대구 서문시장 2023 가을맛집,대구 서문시장 가을맛집 2023 추천,info,review,대구 서문시장에서 가을에 먹기 좋은 맛집 추천,mistralai/mistral-nemotron,2026-06-02T02:14:18.684529+00:00,hold,43,
11-domestic-travel-destinations-ulsan-seomyeon-autumn-cafe-2023,11-domestic-travel-destinations,11,ulsan-seomyeon-autumn-cafe-2023,울산 서면 2023 가을카페,울산 서면 가을카페 2023 인기 순위,compare,review,울산 서면에서 가을에 방문하기 좋은 카페 추천,mistralai/mistral-nemotron,2026-06-02T02:14:18.684529+00:00,hold,43,
12-knowledge-game-culture-game-2023,12-knowledge-game,12,culture-game-2023,문화 상식 게임 대회 2023 결과,2023년 문화 상식 게임 대회 결과와 수상자 명단,info,issue,2023년 문화 상식 게임 대회 결과 및 수상자 정보,mistralai/mistral-nemotron,2026-06-04T01:15:00.927640+00:00,hold,17,
12-liberal-arts-reading-economics-books-2023,12-liberal-arts-reading,12,economics-books-2023,경제 교양서 신간,2023 경제 교양서 신간 리뷰와 요약,review,review,2023년 출판된 경제 교양서 신간 개요,mistralai/mistral-nemotron,2026-06-04T01:15:00.927640+00:00,hold,25,
12-liberal-arts-reading-science-books-bestseller,12-liberal-arts-reading,12,science-books-bestseller,과학 교양서 베스트셀러,과학 교양서 베스트셀러 2023년 TOP 10,info,tip,2023년 가장 읽힌 과학 교양서,mistralai/mistral-nemotron,2026-06-04T01:15:00.927640+00:00,hold,25,
12-liberal-arts-reading-bestseller-books-2023,12-liberal-arts-reading,12,bestseller-books-2023,2023 교양서 베스트셀러,2023년 교양서 베스트셀러 목록,info,issue,2023년 교양서 판매 순위,mistralai/mistral-nemotron,2026-06-04T01:15:00.927640+00:00,hold,17,
12-liberal-arts-reading-science-books-trend,12-liberal-arts-reading,12,science-books-trend,과학 교양서 최신 트렌드,과학 교양서 최신 트렌드 – 2023년 추천 도서,info,issue,2023년 과학 교양서 최신 트렌드,mistralai/mistral-nemotron,2026-06-04T01:15:00.927640+00:00,hold,17,
14-camping-sites-new-camping-2023,14-camping-sites,14,new-camping-2023,2023년 신규 캠핑장,2023년 신규 캠핑장 추천과 예약 방법,info,issue,2023년에 새로 오픈한 캠핑장을 소개합니다.,mistralai/mistral-nemotron,2026-06-04T01:15:00.927640+00:00,hold,47,
14-outdoor-events-2023-free-camp-event,14-outdoor-events,14,2023-free-camp-event,2023년 캠핑장 무료 이벤트,2023년 캠핑장 무료 이벤트 현황과 혜택,info,issue,2023년에 진행된 캠핑장 무료 이벤트 현황과 혜택 설명,mistralai/mistral-nemotron,2026-06-04T01:15:00.927640+00:00,hold,35,
