l3_id,l2_id,l1_code,l3_slug,focus_keyword,title_ko,search_intent,topic_angle,description,model,generated_at
01-awards-award-beauty-trend-analysis,01-awards,01,award-beauty-trend-analysis,시상식 뷰티 트렌드 분석,시상식 뷰티 트렌드 분석,info,tip,시상식 뷰티 트렌드를 분석합니다.,slot_2step,2026-06-08T12:00:42.668305+00:00
01-awards-award-online-watching-guide,01-awards,01,award-online-watching-guide,시상식 온라인 시청 방법,시상식 온라인 시청 가이드,howto,tip,시상식 온라인 시청 방법을 알려드립니다.,slot_2step,2026-06-08T12:00:42.668305+00:00
01-awards-award-show-acceptance-speeches,01-awards,01,award-show-acceptance-speeches,시상식 수상 소감 모음,시상식 수상 소감 베스트,info,tip,시상식 수상자들의 감동적인 소감 모음,slot_2step,2026-06-08T12:00:42.668305+00:00
01-awards-award-show-highlights,01-awards,01,award-show-highlights,시상식 하이라이트 영상,시상식 하이라이트 영상 모음,info,tip,시상식의 감동적인 순간들,slot_2step,2026-06-08T12:00:42.668305+00:00
01-awards-award-show-host-role,01-awards,01,award-show-host-role,시상식 진행자 역할,시상식 MC 역할과 책임,info,tip,시상식 진행자의 역할과 책임에 대해 알아보기,slot_2step,2026-06-08T12:00:42.668305+00:00
01-awards-award-show-performance-footage,01-awards,01,award-show-performance-footage,시상식 공연 실황,시상식 공연 실황 영상,info,tip,시상식 공연 실황 영상 모음,slot_2step,2026-06-08T12:00:42.668305+00:00
01-awards-award-show-theme-meaning,01-awards,01,award-show-theme-meaning,시상식 테마 이해,시상식 테마와 의미,info,tip,시상식 테마의 숨겨진 의미,slot_2step,2026-06-08T12:00:42.668305+00:00
01-awards-celebrity-award-controversy,01-awards,01,celebrity-award-controversy,연예계 시상식 논란 사례,시상식 논란 사례 모음,info,tip,연예계 시상식 논란 사례를 정리합니다.,slot_2step,2026-06-08T12:00:42.668305+00:00
01-awards-celebrity-award-makeup-tutorial,01-awards,01,celebrity-award-makeup-tutorial,연예인 시상식 메이크업,시상식 메이크업 튜토리얼,howto,tip,연예인 시상식 메이크업 방법을 알려드립니다.,slot_2step,2026-06-08T12:00:42.668305+00:00
01-awards-celebrity-fashion-award-trend,01-awards,01,celebrity-fashion-award-trend,연예인 패션 시상식 트렌드,시상식 패션 트렌드 분석,info,tip,연예인들의 시상식 패션 트렌드를 분석합니다.,slot_2step,2026-06-08T12:00:42.668305+00:00
01-awards-domestic-and-foreign-award-show-schedule,01-awards,01,domestic-and-foreign-award-show-schedule,국내외 시상식 일정,국내외 시상식 일정 정리,info,tip,국내외 시상식 일정을 한눈에 보기,slot_2step,2026-06-08T12:00:42.668305+00:00
01-awards-global-award-winner-prediction,01-awards,01,global-award-winner-prediction,글로벌 시상식 수상자 예측,글로벌 시상식 수상자 전망,info,tip,글로벌 시상식 수상자를 예측합니다.,slot_2step,2026-06-08T12:00:42.668305+00:00
01-awards-korean-award-nominees,01-awards,01,korean-award-nominees,국내 시상식 후보자 명단,국내 시상식 후보자 리스트,info,tip,국내 시상식 후보자 명단을 제공합니다.,slot_2step,2026-06-08T12:00:42.668305+00:00
01-awards-online-viewing-guide-for-awards,01-awards,01,online-viewing-guide-for-awards,국내 연예계 시상식 시청 가이드,국내외 시상식 온라인 시청 방법,howto,tip,국내외 연예계 시상식을 온라인으로 시청하는 방법을 알려드립니다.,slot_2step,2026-06-08T12:00:42.668305+00:00
01-awards-red-carpet-award-reaction,01-awards,01,red-carpet-award-reaction,시상식 레드카펫 실시간 반응,시상식 레드카펫 실시간 이슈,info,tip,시상식 레드카펫 실시간 반응을 공유합니다.,slot_2step,2026-06-08T12:00:42.668305+00:00
01-celeb-insta-become-instagram-influencer,01-celeb-insta,01,become-instagram-influencer,인스타그램 인플루언서,인스타그램 인플루언서 되는 법,howto,tip,인스타그램 인플루언서가 되는 법을 알려드립니다.,slot_2step,2026-06-08T12:05:44.340327+00:00
01-celeb-insta-celebrity-daily-instagram-stories,01-celeb-insta,01,celebrity-daily-instagram-stories,연예인 일상 인스타,연예인 일상 인스타 스토리,info,tip,연예인 일상 인스타 스토리를 공유합니다.,slot_2step,2026-06-08T12:05:44.340327+00:00
01-celeb-insta-celebrity-instagram-content-planning,01-celeb-insta,01,celebrity-instagram-content-planning,셀럽 인스타 콘텐츠,셀럽 인스타그램 콘텐츠 기획,howto,tip,셀럽 인스타그램 콘텐츠 기획 방법을 알려드립니다.,slot_2step,2026-06-08T12:05:44.340327+00:00
01-celeb-insta-celebrity-instagram-fashion-items,01-celeb-insta,01,celebrity-instagram-fashion-items,인스타그램 셀럽 패션,인스타그램 셀럽 패션 아이템,info,tip,인스타그램 셀럽 패션 아이템을 소개합니다.,slot_2step,2026-06-08T12:05:44.340327+00:00
01-celeb-insta-celebrity-instagram-live-streaming,01-celeb-insta,01,celebrity-instagram-live-streaming,연예인 인스타 라이브,연예인 인스타그램 라이브 방송,info,tip,연예인 인스타그램 라이브 방송을 소개합니다.,slot_2step,2026-06-08T12:05:44.340327+00:00
01-celeb-insta-celebrity-instagram-marketing,01-celeb-insta,01,celebrity-instagram-marketing,셀럽 인스타 마케팅,셀럽 인스타 마케팅 전략,info,tip,셀럽 인스타 마케팅 전략을 소개합니다.,slot_2step,2026-06-08T12:05:44.340327+00:00
01-celeb-insta-celebrity-instagram-photo-editing,01-celeb-insta,01,celebrity-instagram-photo-editing,연예인 인스타 사진,연예인 인스타그램 사진 편집,howto,tip,연예인 인스타그램 사진 편집 방법을 공유합니다.,slot_2step,2026-06-08T12:05:44.340327+00:00
01-celeb-insta-celebrity-instagram-photo-editing-2,01-celeb-insta,01,celebrity-instagram-photo-editing-2,인스타그램 사진 편집,연예인 인스타그램 사진 편집하는 법,howto,tip,연예인 인스타그램 사진 편집 팁과 노하우를 소개합니다.,slot_2step,2026-06-08T12:05:44.340327+00:00
01-celeb-insta-celebrity-instagram-trend,01-celeb-insta,01,celebrity-instagram-trend,셀럽 인스타그램 트렌드,현재 셀럽 인스타그램 트렌드는,info,tip,최신 셀럽 인스타그램 트렌드를 분석합니다.,slot_2step,2026-06-08T12:05:44.340327+00:00
01-celeb-insta-increase-celebrity-instagram-followers,01-celeb-insta,01,increase-celebrity-instagram-followers,연예인 인스타 팔로워,연예인 인스타 팔로워 늘리기,howto,tip,연예인 인스타 팔로워를 늘리는 방법을 공유합니다.,slot_2step,2026-06-08T12:05:44.340327+00:00
01-celeb-insta-instagram-beauty-brand-marketing,01-celeb-insta,01,instagram-beauty-brand-marketing,인스타그램 뷰티 브랜드,인스타그램 뷰티 브랜드 마케팅,info,tip,인스타그램 뷰티 브랜드 마케팅 전략을 소개합니다.,slot_2step,2026-06-08T12:05:44.340327+00:00
01-celeb-insta-instagram-entertainment-industry-trends,01-celeb-insta,01,instagram-entertainment-industry-trends,인스타그램 엔터테인먼트,인스타그램 엔터테인먼트 산업 트렌드,info,tip,인스타그램 엔터테인먼트 산업 트렌드를 소개합니다.,slot_2step,2026-06-08T12:05:44.340327+00:00
01-celeb-insta-instagram-entertainment-news,01-celeb-insta,01,instagram-entertainment-news,인스타그램 엔터테인먼트 뉴스,인스타그램 엔터테인먼트 뉴스 모음,info,tip,인스타그램 엔터테인먼트 뉴스를 제공합니다.,slot_2step,2026-06-08T12:05:44.340327+00:00
01-celeb-insta-instagram-event-promotion-strategy,01-celeb-insta,01,instagram-event-promotion-strategy,인스타그램 이벤트 홍보,인스타그램 이벤트 홍보 전략,howto,tip,인스타그램 이벤트 홍보 전략을 공유합니다.,slot_2step,2026-06-08T12:05:44.340327+00:00
01-celeb-insta-instagram-social-media-strategy,01-celeb-insta,01,instagram-social-media-strategy,인스타그램 소셜미디어,인스타그램 소셜미디어 전략,howto,tip,인스타그램 소셜미디어 전략을 알려드립니다.,slot_2step,2026-06-08T12:05:44.340327+00:00
01-celebrity-gossip-celebrity-comeback-controversy,01-celebrity-gossip,01,celebrity-comeback-controversy,연예인 복귀 논란,연예인 복귀 관련 이슈,info,tip,연예인 복귀 논란을 정리했습니다.,slot_2step,2026-06-08T12:00:22.651327+00:00
01-celebrity-gossip-celebrity-comeback-controversy-2,01-celebrity-gossip,01,celebrity-comeback-controversy-2,연예인 복귀 논란 사례,연예인 복귀 논란과 여론 반응 분석,info,tip,연예인 복귀 논란의 주요 사례와 여론 반응을 살펴봅니다.,slot_2step,2026-06-08T12:00:22.651327+00:00
01-celebrity-gossip-celebrity-couple-conflict,01-celebrity-gossip,01,celebrity-couple-conflict,연예인 부부 갈등,연예인 부부 갈등 이슈,info,tip,연예인 부부 갈등 소식을 전해드립니다.,slot_2step,2026-06-08T12:00:22.651327+00:00
01-celebrity-gossip-celebrity-death-news,01-celebrity-gossip,01,celebrity-death-news,유명 연예인 사망 소식,유명 연예인 사망 원인 및 사건 정리,news,tip,유명 연예인 사망 사건과 그 원인을 분석합니다.,slot_2step,2026-06-08T12:00:22.651327+00:00
01-celebrity-gossip-celebrity-drug-scandal,01-celebrity-gossip,01,celebrity-drug-scandal,연예계 마약 스캔들,연예계 마약 관련 스캔들,news,tip,연예계 마약 스캔들 소식을 정리했습니다.,slot_2step,2026-06-08T12:00:22.651327+00:00
01-celebrity-gossip-celebrity-drunk-driving-incident,01-celebrity-gossip,01,celebrity-drunk-driving-incident,연예인 음주운전 사건,연예인 음주운전 사건 정리,news,tip,연예인 음주운전 사건을 정리했습니다.,slot_2step,2026-06-08T12:00:22.651327+00:00
01-celebrity-gossip-celebrity-private-life-controversy,01-celebrity-gossip,01,celebrity-private-life-controversy,연예인 사생활 논란,연예인 사생활 논란 정리,news,tip,연예인 사생활 관련 논란과 이슈를 정리했습니다.,slot_2step,2026-06-08T12:00:22.651327+00:00
01-celebrity-gossip-celebrity-retirement-controversy,01-celebrity-gossip,01,celebrity-retirement-controversy,연예계 은퇴 논란,연예계 은퇴 관련 이슈,info,tip,연예계 은퇴 논란을 정리했습니다.,slot_2step,2026-06-08T12:00:22.651327+00:00
01-celebrity-gossip-celebrity-sexual-harassment-allegation,01-celebrity-gossip,01,celebrity-sexual-harassment-allegation,연예인 성추행 의혹,연예인 성추행 의혹 사건,news,tip,연예인 성추행 의혹 관련 뉴스를 모았습니다.,slot_2step,2026-06-08T12:00:22.651327+00:00
01-celebrity-gossip-drama-set-accident,01-celebrity-gossip,01,drama-set-accident,드라마 촬영장 사고,드라마 촬영장 안전 사고,news,tip,드라마 촬영장 사고 소식을 전해드립니다.,slot_2step,2026-06-08T12:00:22.651327+00:00
01-celebrity-gossip-famous-actor-divorce-news,01-celebrity-gossip,01,famous-actor-divorce-news,유명 배우 이혼 소식,유명 배우 이혼 관련 뉴스,news,tip,유명 배우 이혼 소식을 전해드립니다.,slot_2step,2026-06-08T12:00:22.651327+00:00
01-celebrity-gossip-idol-fandom-conflict,01-celebrity-gossip,01,idol-fandom-conflict,아이돌 팬덤 갈등,아이돌 팬덤 간 갈등,info,tip,아이돌 팬덤 갈등 소식을 모았습니다.,slot_2step,2026-06-08T12:00:22.651327+00:00
01-celebrity-gossip-idol-group-member-conflict,01-celebrity-gossip,01,idol-group-member-conflict,아이돌 그룹 멤버 간 불화,아이돌 그룹 멤버 간 불화 이슈,info,tip,아이돌 그룹 내 멤버 간 불화 소식을 전해드립니다.,slot_2step,2026-06-08T12:00:22.651327+00:00
01-celebrity-gossip-k-pop-fandom-conflict,01-celebrity-gossip,01,k-pop-fandom-conflict,아이돌 팬덤 갈등 사례,아이돌 팬덤 갈등 문제와 해결 방안,info,tip,아이돌 팬덤 갈등의 원인과 해결 전략을 소개합니다.,slot_2step,2026-06-08T12:00:22.651327+00:00
01-celebrity-gossip-k-pop-star-secret-wedding,01-celebrity-gossip,01,k-pop-star-secret-wedding,K-POP 스타 비밀 결혼,K-POP 스타 비밀 결혼 이슈,info,tip,K-POP 스타 비밀 결혼 관련 소식을 모았습니다.,slot_2step,2026-06-08T12:00:22.651327+00:00
01-drama-actor-drama-actor-acting-evaluation,01-drama-actor,01,drama-actor-acting-evaluation,드라마 배우 연기력 평가,드라마 배우 연기력 분석,info,tip,드라마 배우들의 연기력을 평가합니다.,slot_2step,2026-06-08T12:05:06.063696+00:00
01-drama-actor-drama-actor-award-history,01-drama-actor,01,drama-actor-award-history,드라마 배우 수상 이력,드라마 배우 수상 이력 보기,info,tip,드라마 배우들의 수상 이력을 정리했습니다.,slot_2step,2026-06-08T12:05:06.063696+00:00
01-drama-actor-drama-actor-profile-info,01-drama-actor,01,drama-actor-profile-info,드라마 배우 프로필 정보,드라마 배우 프로필 정보 총정리,info,tip,드라마 배우들의 프로필 정보를 제공합니다.,slot_2step,2026-06-08T12:05:06.063696+00:00
01-drama-actor-drama-actor-selection-criteria,01-drama-actor,01,drama-actor-selection-criteria,드라마 배우 선택하는 법,드라마 배우 선택 기준,info,tip,드라마 시청자들이 배우를 선택하는 기준에 대해 알아보세요.,slot_2step,2026-06-08T12:05:06.063696+00:00
01-drama-actor-drama-character-actor,01-drama-actor,01,drama-character-actor,드라마 캐릭터 연기하는 배우,드라마 캐릭터 연기 배우,info,tip,드라마에서 캐릭터를 연기하는 배우들의 노하우를 소개합니다.,slot_2step,2026-06-08T12:05:06.063696+00:00
01-drama-actor-drama-female-lead-actress,01-drama-actor,01,drama-female-lead-actress,드라마 여자 주인공 배우,드라마 여자 주인공 배우 소개,info,tip,드라마 여자 주인공 배우들을 소개합니다.,slot_2step,2026-06-08T12:05:06.063696+00:00
01-drama-actor-drama-lead-actor-casting,01-drama-actor,01,drama-lead-actor-casting,드라마 주인공 배우 캐스팅,드라마 주인공 배우 캐스팅 비하인드,info,tip,드라마 주인공 배우 캐스팅 과정을 소개합니다.,slot_2step,2026-06-08T12:05:06.063696+00:00
01-drama-actor-drama-supporting-actor-role,01-drama-actor,01,drama-supporting-actor-role,드라마 조연 배우 역할,드라마 조연 배우 역할 분석,info,tip,드라마 조연 배우들의 역할을 분석합니다.,slot_2step,2026-06-08T12:05:06.063696+00:00
01-drama-actor-drama-villain-actor-acting,01-drama-actor,01,drama-villain-actor-acting,드라마 악역 배우 연기,드라마 악역 배우 연기 비법,info,tip,드라마 악역 배우들의 연기 노하우를 소개합니다.,slot_2step,2026-06-08T12:05:06.063696+00:00
01-drama-actor-korean-drama-actor-combo,01-drama-actor,01,korean-drama-actor-combo,한국 드라마 배우 조합,한국 드라마 배우 조합,info,tip,한국 드라마에서 호흡을 맞추는 배우들의 조합을 분석합니다.,slot_2step,2026-06-08T12:05:06.063696+00:00
01-drama-actor-korean-drama-male-actor,01-drama-actor,01,korean-drama-male-actor,한국 남자 드라마 배우,한국 드라마 남자 배우 모음,info,tip,한국 드라마에 출연한 남자 배우들을 소개합니다.,slot_2step,2026-06-08T12:05:06.063696+00:00
01-drama-actor-korean-wave-drama-actor-popularity,01-drama-actor,01,korean-wave-drama-actor-popularity,한류 드라마 배우 인기,한류 드라마 배우 인기 순위,info,tip,한류 드라마 배우들의 인기를 소개합니다.,slot_2step,2026-06-08T12:05:06.063696+00:00
01-drama-actor-new-drama-actor-debut-work,01-drama-actor,01,new-drama-actor-debut-work,드라마 신인 배우 데뷔작,신인 드라마 배우 데뷔작 모음,info,tip,신인 드라마 배우들의 데뷔작 정보를 제공합니다.,slot_2step,2026-06-08T12:05:06.063696+00:00
01-drama-actor-popular-drama-actor-ranking,01-drama-actor,01,popular-drama-actor-ranking,인기 드라마 배우 순위,인기 드라마 배우 순위 보기,info,tip,인기 드라마 배우 순위를 제공합니다.,slot_2step,2026-06-08T12:05:06.063696+00:00
01-idol-news-follow-k-pop-social-media,01-idol-news,01,follow-k-pop-social-media,아이돌 인스타그램 팔로우,아이돌 소셜 미디어 계정 팔로우,howto,tip,아이돌의 소셜 미디어 계정을 팔로우하는 방법을 알아보세요.,slot_2step,2026-06-08T11:59:34.897594+00:00
01-idol-news-k-pop-album-chart,01-idol-news,01,k-pop-album-chart,아이돌 음반 차트,최신 아이돌 음반 순위,info,tip,현재 인기 있는 아이돌 음반 순위를 확인하세요.,slot_2step,2026-06-08T11:59:34.897594+00:00
01-idol-news-k-pop-interview-article,01-idol-news,01,k-pop-interview-article,아이돌 인터뷰,아이돌 인터뷰 기사 모음,info,tip,아이돌 그룹의 인터뷰 기사를 확인하세요.,slot_2step,2026-06-08T11:59:34.897594+00:00
01-idol-news-kpop-come-back-preparation,01-idol-news,01,kpop-come-back-preparation,아이돌 컴백 준비 과정,아이돌 컴백 준비 노하우,info,tip,아이돌 그룹 컴백 준비 과정을 소개합니다.,slot_2step,2026-06-08T11:59:34.897594+00:00
01-idol-news-kpop-concert-review,01-idol-news,01,kpop-concert-review,아이돌 콘서트 후기,아이돌 콘서트 후기 작성하기,info,review,아이돌 콘서트 후기를 공유합니다.,slot_2step,2026-06-08T11:59:34.897594+00:00
01-idol-news-kpop-concert-ticketing,01-idol-news,01,kpop-concert-ticketing,아이돌 콘서트 티켓팅,아이돌 콘서트 티켓 예매 방법,info,tip,아이돌 콘서트 티켓 예매 방법을 알려드립니다.,slot_2step,2026-06-08T11:59:34.897594+00:00
01-idol-news-kpop-debut-preparation,01-idol-news,01,kpop-debut-preparation,아이돌 데뷔 준비,아이돌 데뷔 전 준비 과정,info,tip,아이돌 데뷔 전 준비 과정을 소개합니다.,slot_2step,2026-06-08T11:59:34.897594+00:00
01-idol-news-kpop-fan-club-join,01-idol-news,01,kpop-fan-club-join,아이돌 팬클럽 가입,아이돌 팬클럽 가입 방법,howto,tip,아이돌 팬클럽 가입 방법을 알려드립니다.,slot_2step,2026-06-08T11:59:34.897594+00:00
01-idol-news-kpop-fanmeeting-participation,01-idol-news,01,kpop-fanmeeting-participation,아이돌 팬미팅 참여,아이돌 팬미팅 참가 방법,howto,tip,아이돌 팬미팅 참가 방법을 알려드립니다.,slot_2step,2026-06-08T11:59:34.897594+00:00
01-idol-news-kpop-group-member-change,01-idol-news,01,kpop-group-member-change,아이돌 멤버 교체,아이돌 그룹 멤버 교체 정보,info,tip,아이돌 그룹 멤버 교체 소식을 전합니다.,slot_2step,2026-06-08T11:59:34.897594+00:00
01-idol-news-kpop-live-streaming,01-idol-news,01,kpop-live-streaming,아이돌 라이브 방송,아이돌 라이브 방송 시청 방법,howto,tip,아이돌 라이브 방송 시청 방법을 알려드립니다.,slot_2step,2026-06-08T11:59:34.897594+00:00
01-idol-news-kpop-music-download,01-idol-news,01,kpop-music-download,아이돌 음악 다운로드,아이돌 음악 다운로드 방법,howto,tip,아이돌 음악 다운로드 방법을 알려드립니다.,slot_2step,2026-06-08T11:59:34.897594+00:00
01-idol-news-kpop-music-show-appearances,01-idol-news,01,kpop-music-show-appearances,아이돌 음악 방송,아이돌 음악 방송 출연 정보,info,tip,아이돌 음악 방송 출연 정보를 제공합니다.,slot_2step,2026-06-08T11:59:34.897594+00:00
01-idol-news-kpop-social-media-follow,01-idol-news,01,kpop-social-media-follow,아이돌 소셜 미디어,아이돌 소셜 미디어 팔로우하기,howto,tip,아이돌 소셜 미디어 팔로우 방법을 알려드립니다.,slot_2step,2026-06-08T11:59:34.897594+00:00
01-idol-news-kpop-trainee-daily-life,01-idol-news,01,kpop-trainee-daily-life,K팝 연습생 일상,K팝 연습생의 하루,info,tip,K팝 아이돌 연습생의 일상을 공유합니다.,slot_2step,2026-06-08T11:59:34.897594+00:00
01-kpop-concert-concert-item-storage-info,01-kpop-concert,01,concert-item-storage-info,콘서트장 물품 보관 정보,콘서트장 물품 보관 가이드,info,tip,콘서트장 물품 보관에 대한 정보를 제공합니다.,slot_2step,2026-06-08T12:00:58.074169+00:00
01-kpop-concert-concert-nearby-restaurant-guide,01-kpop-concert,01,concert-nearby-restaurant-guide,콘서트장 주변 맛집 추천,콘서트장 주변 맛집 베스트 가이드,info,tip,콘서트장 주변의 맛집을 추천합니다.,slot_2step,2026-06-08T12:00:58.074169+00:00
01-kpop-concert-concert-royal-seat-location,01-kpop-concert,01,concert-royal-seat-location,콘서트장 로얄석 위치 찾기,콘서트장 로얄석 위치와 선택 팁,info,tip,콘서트장 로얄석 위치와 선택에 대한 정보를 제공합니다.,slot_2step,2026-06-08T12:00:58.074169+00:00
01-kpop-concert-concert-ticket-price,01-kpop-concert,01,concert-ticket-price,콘서트 티켓 가격,콘서트 티켓 가격 확인하기,info,tip,콘서트 티켓 가격을 알려드립니다.,slot_2step,2026-06-08T12:00:58.074169+00:00
01-kpop-concert-concert-venue-transportation,01-kpop-concert,01,concert-venue-transportation,콘서트장 교통,콘서트장 가는 교통 정보 총정리,info,tip,콘서트장 교통 정보를 알려드립니다.,slot_2step,2026-06-08T12:00:58.074169+00:00
01-kpop-concert-k-pop-concert-event-participation,01-kpop-concert,01,k-pop-concert-event-participation,아이돌 콘서트 이벤트,아이돌 콘서트 이벤트 참여 방법,howto,tip,아이돌 콘서트 이벤트 참여 방법을 알려드립니다.,slot_2step,2026-06-08T12:00:58.074169+00:00
01-kpop-concert-k-pop-concert-schedule,01-kpop-concert,01,k-pop-concert-schedule,아이돌 콘서트 일정,최신 아이돌 콘서트 일정 확인하기,info,tip,아이돌 콘서트 일정을 빠르고 정확하게 확인하세요.,slot_2step,2026-06-08T12:00:58.074169+00:00
01-kpop-concert-k-pop-concert-seat-map,01-kpop-concert,01,k-pop-concert-seat-map,아이돌 콘서트 좌석도,아이돌 콘서트 좌석 배치도 보기,info,tip,아이돌 콘서트 좌석 배치를 확인하세요.,slot_2step,2026-06-08T12:00:58.074169+00:00
01-kpop-concert-k-pop-concert-ticket-counter-sale,01-kpop-concert,01,k-pop-concert-ticket-counter-sale,아이돌 콘서트 현장 구매,아이돌 콘서트 현장 구매 방법,howto,tip,아이돌 콘서트 현장 구매 방법을 알려드립니다.,slot_2step,2026-06-08T12:00:58.074169+00:00
01-kpop-concert-k-pop-concert-ticket-refund,01-kpop-concert,01,k-pop-concert-ticket-refund,아이돌 콘서트 예매 취소,아이돌 콘서트 예매 취소 방법,howto,tip,아이돌 콘서트 예매 취소 방법을 알려드립니다.,slot_2step,2026-06-08T12:00:58.074169+00:00
01-kpop-concert-k-pop-concert-ticketing-guide,01-kpop-concert,01,k-pop-concert-ticketing-guide,아이돌 콘서트 티켓팅,아이돌 콘서트 티켓팅 완벽 가이드,howto,tip,아이돌 콘서트 티켓팅 방법을 알려드립니다.,slot_2step,2026-06-08T12:00:58.074169+00:00
01-kpop-concert-kpop-concert-event-participation,01-kpop-concert,01,kpop-concert-event-participation,아이돌 콘서트 이벤트 참여 방법,아이돌 콘서트 이벤트 참여 완벽 가이드,howto,tip,아이돌 콘서트 이벤트 참여 방법과 팁을 제공합니다.,slot_2step,2026-06-08T12:00:58.074169+00:00
01-kpop-concert-kpop-concert-setlist-collection,01-kpop-concert,01,kpop-concert-setlist-collection,아이돌 콘서트 셋리스트 모음,최신 아이돌 콘서트 셋리스트 모음,info,tip,최신 아이돌 콘서트 셋리스트를 모았습니다.,slot_2step,2026-06-08T12:00:58.074169+00:00
01-variety-highlight-top-10-variety-show-moments,01-variety-highlight,01,top-10-variety-show-moments,예능 명장면 순위,예능 명장면 순위 Top 10,info,tip,예능 프로그램의 화제 된 명장면 순위를 소개합니다.,slot_2step,2026-06-08T12:04:15.510570+00:00
01-variety-highlight-variety-show-airtime,01-variety-highlight,01,variety-show-airtime,예능 방송시간,예능 프로그램 방영 시간표,info,tip,예능 프로그램 방영 시간을 안내합니다.,slot_2step,2026-06-08T12:04:15.510570+00:00
01-variety-highlight-variety-show-awards,01-variety-highlight,01,variety-show-awards,예능 수상작,예능 프로그램 수상작 모음,info,tip,예능 프로그램 수상작을 소개합니다.,slot_2step,2026-06-08T12:04:15.510570+00:00
01-variety-highlight-variety-show-behind-story,01-variety-highlight,01,variety-show-behind-story,예능 뒷이야기,예능 뒷이야기 몰아보기,info,tip,예능 프로그램의 재미있는 뒷이야기를 소개합니다.,slot_2step,2026-06-08T12:04:15.510570+00:00
01-variety-highlight-variety-show-cancelled,01-variety-highlight,01,variety-show-cancelled,예능 결방 정보,예능 프로그램 결방 안내,info,tip,예능 프로그램 결방 정보를 제공합니다.,slot_2step,2026-06-08T12:04:15.510570+00:00
01-variety-highlight-variety-show-cast-chemistry,01-variety-highlight,01,variety-show-cast-chemistry,예능 출연진 케미,예능 출연진 케미 베스트,info,tip,예능 프로그램 출연진들의 케미를 소개합니다.,slot_2step,2026-06-08T12:04:15.510570+00:00
01-variety-highlight-variety-show-controversy,01-variety-highlight,01,variety-show-controversy,예능 출연자 논란,예능 출연자 논란 정리,info,tip,예능 프로그램 출연자 논란을 정리했습니다.,slot_2step,2026-06-08T12:04:15.510570+00:00
01-variety-highlight-variety-show-extended-version,01-variety-highlight,01,variety-show-extended-version,예능 프로그램 확장판 정보,예능 프로그램 확장판 정보 총정리,info,tip,예능 프로그램 확장판에 대한 모든 정보를 제공합니다.,slot_2step,2026-06-08T12:04:15.510570+00:00
01-variety-highlight-variety-show-famous-scene-parody,01-variety-highlight,01,variety-show-famous-scene-parody,예능 명장면 패러디 모음,예능 명장면 패러디 모음 베스트,info,tip,예능 명장면 패러디 모음을 소개합니다.,slot_2step,2026-06-08T12:04:15.510570+00:00
01-variety-highlight-variety-show-filming-locations,01-variety-highlight,01,variety-show-filming-locations,예능 촬영지 관광,예능 촬영지 관광 코스,info,tip,예능 프로그램 촬영지를 활용한 관광 코스를 소개합니다.,slot_2step,2026-06-08T12:04:15.510570+00:00
01-variety-highlight-variety-show-moments-collection,01-variety-highlight,01,variety-show-moments-collection,예능 명장면 모음,예능 명장면 모음 사이트,info,tip,예능 프로그램의 명장면을 모아서 소개합니다.,slot_2step,2026-06-08T12:04:15.510570+00:00
01-variety-highlight-variety-show-ratings-analysis,01-variety-highlight,01,variety-show-ratings-analysis,예능 시청률 분석,예능 시청률 분석 방법,info,tip,예능 프로그램 시청률 분석 방법을 소개합니다.,slot_2step,2026-06-08T12:04:15.510570+00:00
01-variety-highlight-variety-show-reviews,01-variety-highlight,01,variety-show-reviews,예능 프로그램 리뷰,예능 프로그램 리뷰 사이트,review,tip,예능 프로그램에 대한 리뷰를 소개합니다.,slot_2step,2026-06-08T12:04:15.510570+00:00
01-variety-highlight-watch-variety-shows-online,01-variety-highlight,01,watch-variety-shows-online,예능 프로그램 몰아보기,예능 프로그램 몰아보기 사이트 모음,info,tip,예능 프로그램을 한 곳에서 몰아볼 수 있는 사이트를 소개합니다.,slot_2step,2026-06-08T12:04:15.510570+00:00
02-financial-planning-beginner-20s-financial-goal-setting,02-financial-planning-beginner,02,20s-financial-goal-setting,20대 재테크 목표,20대 초보자를 위한 재테크 목표 설정 가이드,info,tip,20대 초보자를 위한 현실적인 재테크 목표 설정 방법을 제공합니다.,slot_2step,2026-06-08T12:06:53.380528+00:00
02-financial-planning-beginner-annual-income-3000-financial-tips,02-financial-planning-beginner,02,annual-income-3000-financial-tips,연봉 3000 재테크,연봉 3000만원대 재테크 전략과 팁,info,tip,연봉 3000만원대 직장인을 위한 맞춤형 재테크 전략을 제공합니다.,slot_2step,2026-06-08T12:06:53.380528+00:00
02-financial-planning-beginner-asset-formation-investment,02-financial-planning-beginner,02,asset-formation-investment,자산 형성 투자,자산 형성을 위한 스마트한 투자 전략,info,tip,자산 형성을 위한 효과적인 투자 전략을 소개합니다.,slot_2step,2026-06-08T12:06:53.380528+00:00
02-financial-planning-beginner-budongsan-tuja-jaetech,02-financial-planning-beginner,02,budongsan-tuja-jaetech,부동산 투자 재테크,부동산 투자로 성공하는 재테크,info,tip,부동산 투자 재테크를 학습합니다.,slot_2step,2026-06-08T12:06:53.380528+00:00
02-financial-planning-beginner-emergency-fund-strategy,02-financial-planning-beginner,02,emergency-fund-strategy,비상금 모으기,비상금 모으기를 위한 실용적인 전략,howto,tip,비상금을 효율적으로 모으기 위한 전략을 소개합니다.,slot_2step,2026-06-08T12:06:53.380528+00:00
02-financial-planning-beginner-euntoe-jaetech-seong-gong,02-financial-planning-beginner,02,euntoe-jaetech-seong-gong,은퇴 준비 재테크,성공적인 은퇴를 위한 재테크 전략,info,tip,은퇴를 준비하는 재테크 방법을 배웁니다.,slot_2step,2026-06-08T12:06:53.380528+00:00
02-financial-planning-beginner-financial-planning-budget,02-financial-planning-beginner,02,financial-planning-budget,재테크 예산 계획,재테크를 위한 효율적인 예산 계획 세우기,info,tip,재테크를 위한 체계적인 예산 계획 방법을 제공합니다.,slot_2step,2026-06-08T12:06:53.380528+00:00
02-financial-planning-beginner-first-monthly-salary-financial-planning,02-financial-planning-beginner,02,first-monthly-salary-financial-planning,첫 월급 재테크,첫 월급을 위한 똑똑한 재테크 전략,info,tip,첫 월급을 받은 초보자를 위한 재테크 전략을 소개합니다.,slot_2step,2026-06-08T12:06:53.380528+00:00
02-financial-planning-beginner-jaetech-aebs-yong-do,02-financial-planning-beginner,02,jaetech-aebs-yong-do,재테크 앱 사용,재테크 앱 사용법과 추천 앱,info,tip,재테크 앱 사용법을 배웁니다.,slot_2step,2026-06-08T12:06:53.380528+00:00
02-financial-planning-beginner-jaetech-gwangyeo-seong-gong,02-financial-planning-beginner,02,jaetech-gwangyeo-seong-gong,재테크 금융 지식,사회초년생을 위한 재테크 금융 지식,info,tip,재테크를 위한 금융 지식을 학습합니다.,slot_2step,2026-06-08T12:06:53.380528+00:00
02-financial-planning-beginner-jaetech-jeolse-chae-gong,02-financial-planning-beginner,02,jaetech-jeolse-chae-gong,재테크 절세 전략,재테크를 위한 절세 전략 방법,info,tip,재테크를 위한 절세 전략을 배웁니다.,slot_2step,2026-06-08T12:06:53.380528+00:00
02-financial-planning-beginner-real-estate-investment-for-financial-planning,02-financial-planning-beginner,02,real-estate-investment-for-financial-planning,부동산 투자로 재테크,부동산 투자로 시작하는 재테크 방법,info,tip,부동산 투자로 재테크를 시작하는 방법에 대해 알아보세요.,slot_2step,2026-06-08T12:06:53.380528+00:00
02-financial-planning-beginner-salary-worker-asset-management,02-financial-planning-beginner,02,salary-worker-asset-management,월급쟁이 자산관리,월급쟁이를 위한 자산 관리 방법과 노하우,howto,tip,월급쟁이를 위한 효율적인 자산 관리 방법을 소개합니다.,slot_2step,2026-06-08T12:06:53.380528+00:00
02-financial-planning-beginner-social-newcomer-financial-planning,02-financial-planning-beginner,02,social-newcomer-financial-planning,사회초년생 재테크,사회초년생을 위한 초보 재테크 가이드,info,tip,사회초년생을 위한 기초 재테크 방법과 전략을 소개합니다.,slot_2step,2026-06-08T12:06:53.380528+00:00
02-financial-planning-beginner-wolse-jaetech-seong-gong,02-financial-planning-beginner,02,wolse-jaetech-seong-gong,월세 재테크,월세 사는 사람의 성공적인 재테크,info,tip,월세 사는 사람의 재테크 방법을 학습합니다.,slot_2step,2026-06-08T12:06:53.380528+00:00
02-stock-beginner-making-money-with-stock-investment,02-stock-beginner,02,making-money-with-stock-investment,주식 투자 수익 창출,주식 투자로 돈 버는 방법,info,tip,주식 투자를 통해 수익을 창출하는 방법을 알려드립니다,slot_2step,2026-06-08T12:06:03.369708+00:00
02-stock-beginner-managing-debt-from-stock-investment,02-stock-beginner,02,managing-debt-from-stock-investment,주식 부채 관리 방법,주식 투자로 인한 부채 관리 전략,info,tip,주식 투자로 인한 부채를 효과적으로 관리하는 방법,slot_2step,2026-06-08T12:06:03.369708+00:00
02-stock-beginner-online-courses-for-stock-beginners,02-stock-beginner,02,online-courses-for-stock-beginners,주식 온라인 강의 추천,주식 입문자를 위한 온라인 강의 추천,info,tip,주식 입문자를 위한 온라인 강의 정보를 제공합니다.,slot_2step,2026-06-08T12:06:03.369708+00:00
02-stock-beginner-recommended-books-for-stock-beginners,02-stock-beginner,02,recommended-books-for-stock-beginners,주식 투자 추천 도서,주식 초보자를 위한 추천 도서,info,tip,주식 투자 초보자를 위한 추천 도서를 소개합니다,slot_2step,2026-06-08T12:06:03.369708+00:00
02-stock-beginner-stock-community-for-beginners,02-stock-beginner,02,stock-community-for-beginners,주식 커뮤니티 추천,주식 초보자를 위한 커뮤니티 추천,info,tip,주식 초보자를 위한 커뮤니티 정보를 제공합니다.,slot_2step,2026-06-08T12:06:03.369708+00:00
02-stock-beginner-stock-investment-and-financial-planning,02-stock-beginner,02,stock-investment-and-financial-planning,주식 재무 설계 전략,주식 투자와 재무 설계 전략,info,tip,주식 투자와 관련된 재무 설계 전략을 제공합니다.,slot_2step,2026-06-08T12:06:03.369708+00:00
02-stock-beginner-stock-investment-and-inflation,02-stock-beginner,02,stock-investment-and-inflation,주식 투자와 인플레이션,주식 투자와 물가 상승 이해하기,info,tip,주식 투자와 물가 상승의 관계를 이해하고 투자 전략을 세우는 방법,slot_2step,2026-06-08T12:06:03.369708+00:00
02-stock-beginner-stock-investment-and-interest-rate,02-stock-beginner,02,stock-investment-and-interest-rate,주식 금리 영향,주식 투자와 금리 관계 이해,info,tip,주식 투자와 금리 관계에 대해 설명합니다.,slot_2step,2026-06-08T12:06:03.369708+00:00
02-stock-beginner-stock-investment-and-tax,02-stock-beginner,02,stock-investment-and-tax,주식 세금 절세,"주식 투자와 세금, 절세 방법",info,tip,주식 투자와 관련된 세금 정보 및 절세 방법을 제공합니다.,slot_2step,2026-06-08T12:06:03.369708+00:00
02-stock-beginner-stock-investment-starting-guide,02-stock-beginner,02,stock-investment-starting-guide,주식 투자 시작 가이드,주식 투자 시작하는 법,info,tip,주식 투자를 처음 시작하는 사람들을 위한 단계별 가이드,slot_2step,2026-06-08T12:06:03.369708+00:00
02-stock-beginner-stock-market-analysis-techniques,02-stock-beginner,02,stock-market-analysis-techniques,주식 시장 분석 기법,주식 시장 분석하는 방법,info,tip,주식 시장의 동향을 분석하는 방법을 소개합니다,slot_2step,2026-06-08T12:06:03.369708+00:00
02-stock-beginner-stock-terminology-for-beginners,02-stock-beginner,02,stock-terminology-for-beginners,주식 용어 사전,초보자를 위한 주식 용어 설명,info,tip,주식 투자에 필요한 기본 용어들을 설명합니다,slot_2step,2026-06-08T12:06:03.369708+00:00
02-stock-beginner-stock-trading-fee-comparison,02-stock-beginner,02,stock-trading-fee-comparison,주식 거래 수수료 비교,주식 거래 수수료 비교,compare,tip,다양한 증권사의 주식 거래 수수료를 비교합니다,slot_2step,2026-06-08T12:06:03.369708+00:00
02-stock-beginner-stock-trading-techniques,02-stock-beginner,02,stock-trading-techniques,주식 매매 기법,주식 시장에서의 매매 기법,info,tip,주식 시장에서의 효과적인 매매 기법을 제공합니다.,slot_2step,2026-06-08T12:06:03.369708+00:00
02-time-deposit-recommendation-adgeum-gaib-bangbeop,02-time-deposit-recommendation,02,adgeum-gaib-bangbeop,적금 가입 방법 안내,적금 가입 방법 및 절차,howto,tip,적금 가입 방법 및 절차 정보,slot_2step,2026-06-08T12:10:45.610264+00:00
02-time-deposit-recommendation-adgeum-ija-neun-eunhaeng,02-time-deposit-recommendation,02,adgeum-ija-neun-eunhaeng,적금 이자 높은 은행,적금 이자가 높은 은행 순위,compare,tip,적금 이자가 높은 은행 순위 정보,slot_2step,2026-06-08T12:10:45.610264+00:00
02-time-deposit-recommendation-bigwa-se-adgeum-sang-pum,02-time-deposit-recommendation,02,bigwa-se-adgeum-sang-pum,비과세 적금 상품 정보,비과세 혜택을 주는 적금 상품,info,tip,비과세 혜택을 주는 적금 상품 정보,slot_2step,2026-06-08T12:10:45.610264+00:00
02-time-deposit-recommendation-cheong-nyeon-jutaeg-cheung-yak-adgeum-byeong-gyo,02-time-deposit-recommendation,02,cheong-nyeon-jutaeg-cheung-yak-adgeum-byeong-gyo,청년 주택청약 적금 비교,청년 주택청약 적금 상품 비교,compare,tip,청년 주택청약 적금 상품 비교 정보,slot_2step,2026-06-08T12:10:45.610264+00:00
02-time-deposit-recommendation-college-student-savings-plan,02-time-deposit-recommendation,02,college-student-savings-plan,대학생 목돈 만들기,대학생 목돈 만들기 전략,info,tip,대학생을 위한 목돈 만들기 전략을 알려드립니다.,slot_2step,2026-06-08T12:11:00.581066+00:00
02-time-deposit-recommendation-corporate-savings-plan,02-time-deposit-recommendation,02,corporate-savings-plan,회사원 목돈 만들기 적금,회사원을 위한 목돈 만들기 적금 상품,info,tip,회사원을 위한 효과적인 적금 상품을 소개합니다.,slot_2step,2026-06-08T12:10:45.610264+00:00
02-time-deposit-recommendation-dan-gi-gan-go-yul-adgeum,02-time-deposit-recommendation,02,dan-gi-gan-go-yul-adgeum,단기간 고금리 적금 상품,단기간 고금리 적금 상품 정보,info,tip,단기간에 고금리를 받을 수 있는 적금 상품 정보,slot_2step,2026-06-08T12:10:45.610264+00:00
02-time-deposit-recommendation-house-purchase-savings-plan,02-time-deposit-recommendation,02,house-purchase-savings-plan,주택 구매용 적금 플랜,주택 구매를 위한 목돈 만들기 적금 플랜,info,tip,주택 구매를 위한 효과적인 적금 플랜을 제공합니다.,slot_2step,2026-06-08T12:10:45.610264+00:00
02-time-deposit-recommendation-jungdo-haeji-adgeum-chuli-bangbeop,02-time-deposit-recommendation,02,jungdo-haeji-adgeum-chuli-bangbeop,중도 해지 적금 처리 방법,중도 해지 시 적금 처리 방법,howto,tip,중도 해지 시 적금 처리 방법 정보,slot_2step,2026-06-08T12:10:45.610264+00:00
02-time-deposit-recommendation-medium-interest-rate-savings-comparison,02-time-deposit-recommendation,02,medium-interest-rate-savings-comparison,중금리 적금 비교,중금리 적금 상품 비교 및 추천,compare,tip,중금리 적금 상품을 비교하고 추천해드립니다.,slot_2step,2026-06-08T12:11:00.581066+00:00
02-time-deposit-recommendation-retirement-savings-strategy,02-time-deposit-recommendation,02,retirement-savings-strategy,은퇴 적금 전략,은퇴를 위한 적금 전략 및 계획,info,tip,은퇴를 위한 적금 전략을 제시합니다.,slot_2step,2026-06-08T12:11:00.581066+00:00
02-time-deposit-recommendation-savings-interest-calculation,02-time-deposit-recommendation,02,savings-interest-calculation,적금 이자 계산,적금 이자 계산 방법 및 공식,howto,tip,적금 이자 계산 방법을 알려드립니다.,slot_2step,2026-06-08T12:11:00.581066+00:00
02-time-deposit-recommendation-savings-product-comparison,02-time-deposit-recommendation,02,savings-product-comparison,적금 상품 비교,적금 상품 비교 및 추천 가이드,compare,tip,다양한 적금 상품을 비교하고 추천해드립니다.,slot_2step,2026-06-08T12:11:00.581066+00:00
02-time-deposit-recommendation-savings-product-selection-guide,02-time-deposit-recommendation,02,savings-product-selection-guide,적금 상품 선택,적금 상품 선택 기준 및 가이드,info,tip,적금 상품 선택에 도움을 드립니다.,slot_2step,2026-06-08T12:11:00.581066+00:00
02-time-deposit-recommendation-variable-interest-savings,02-time-deposit-recommendation,02,variable-interest-savings,금리 변동 적금 상품 정보,금리 변동 적금 상품의 특징과 장단점,info,tip,금리 변동 적금 상품의 특징과 장단점을 분석합니다.,slot_2step,2026-06-08T12:10:45.610264+00:00
03-gym-beginner-choosing-a-gym-for-beginners,03-gym-beginner,03,choosing-a-gym-for-beginners,헬스장 선택 가이드,초보자를 위한 헬스장 선택 기준,info,tip,나에게 맞는 헬스장을 선택하는 방법을 알아보세요.,slot_2step,2026-06-08T12:21:32.315543+00:00
03-gym-beginner-creating-effective-gym-routine,03-gym-beginner,03,creating-effective-gym-routine,헬스 루틴 계획,효과적인 헬스 루틴 만들기,howto,tip,목표 달성을 위한 헬스 루틴을 계획하세요.,slot_2step,2026-06-08T12:21:32.315543+00:00
03-gym-beginner-creating-workout-routine-for-beginners,03-gym-beginner,03,creating-workout-routine-for-beginners,초보자 운동 루틴,초보자 운동 루틴 만들기,info,tip,초보자를 위한 운동 루틴을 소개합니다.,slot_2step,2026-06-08T12:15:32.036859+00:00
03-gym-beginner-gym-motivation-tips,03-gym-beginner,03,gym-motivation-tips,헬스장 탈출 전략,헬스장 탈출 전략과 팁,howto,tip,헬스장 운동을 꾸준히 하는 방법을 알아보세요.,slot_2step,2026-06-08T12:21:32.315543+00:00
03-gym-beginner-gym-tips-for-beginners,03-gym-beginner,03,gym-tips-for-beginners,헬스 팁,헬스 초보자를 위한 팁과 노하우,howto,tip,헬스 초보자를 위한 유용한 팁을 알아보세요.,slot_2step,2026-06-08T12:21:32.315543+00:00
03-gym-beginner-gym-utilization-tips,03-gym-beginner,03,gym-utilization-tips,헬스장 이용 노하우,헬스장 이용 팁과 노하우,info,tip,헬스장 이용에 도움이 되는 팁과 노하우를 공유합니다.,slot_2step,2026-06-08T12:15:32.036859+00:00
03-gym-beginner-gym-workout-order,03-gym-beginner,03,gym-workout-order,헬스 운동 순서,헬스 운동 순서 정하기,howto,tip,효율적인 헬스 운동 순서를 알아보세요.,slot_2step,2026-06-08T12:21:32.315543+00:00
03-gym-beginner-gym-workout-order-and-method,03-gym-beginner,03,gym-workout-order-and-method,헬스장 운동 순서,헬스장 운동 순서와 방법,howto,tip,헬스장 운동 순서와 방법을 알려드립니다.,slot_2step,2026-06-08T12:15:32.036859+00:00
03-gym-beginner-health-exercise-injury-prevention,03-gym-beginner,03,health-exercise-injury-prevention,헬스 부상 예방법,헬스 운동 부상 예방하는 법,info,tip,헬스 운동 중 부상을 예방하는 방법에 대해 알아보세요.,slot_2step,2026-06-08T12:15:32.036859+00:00
03-gym-beginner-how-to-regulate-gym-frequency,03-gym-beginner,03,how-to-regulate-gym-frequency,헬스 운동 빈도 조절,효과적인 헬스 운동 빈도 조절 방법,info,tip,헬스 운동 빈도를 조절하는 방법을 알려드립니다.,slot_2step,2026-06-08T12:21:32.315543+00:00
03-gym-beginner-how-to-use-gym-equipment,03-gym-beginner,03,how-to-use-gym-equipment,헬스장 장비 사용법,헬스장 장비 사용법,howto,tip,헬스장 장비 사용법을 알려드립니다.,slot_2step,2026-06-08T12:15:32.036859+00:00
03-gym-beginner-how-to-use-gym-for-beginners,03-gym-beginner,03,how-to-use-gym-for-beginners,헬스장 이용 가이드,헬스장 처음 이용하는 법,howto,tip,헬스장 이용 방법을 알려드립니다.,slot_2step,2026-06-08T12:15:32.036859+00:00
03-gym-beginner-setting-gym-goals,03-gym-beginner,03,setting-gym-goals,헬스 목표 설정,헬스 목표 설정하기,howto,tip,달성 가능한 헬스 목표를 설정하세요.,slot_2step,2026-06-08T12:21:32.315543+00:00
03-gym-beginner-types-and-methods-of-weight-training,03-gym-beginner,03,types-and-methods-of-weight-training,웨이트 트레이닝 종류,웨이트 트레이닝 종류와 방법,info,tip,웨이트 트레이닝의 종류와 방법을 소개합니다.,slot_2step,2026-06-08T12:15:32.036859+00:00
03-gym-beginner-weight-training-routine-for-beginners,03-gym-beginner,03,weight-training-routine-for-beginners,초보자 웨이트 트레이닝 루틴,헬스 입문자를 위한 웨이트 트레이닝 기초 루틴,info,tip,초보자를 위한 웨이트 트레이닝 루틴을 제공합니다.,slot_2step,2026-06-08T12:21:32.315543+00:00
07-webcam-recommend-guide-to-buying-high-definition-webcam,07-webcam-recommend,07,guide-to-buying-high-definition-webcam,고화질 웹캠 가이드,고화질 웹캠 구매 가이드,howto,tip,고화질 웹캠 구매 가이드,slot_2step,2026-06-09T02:23:51.900972+00:00
07-webcam-recommend-high-performance-webcams,07-webcam-recommend,07,high-performance-webcams,고성능 웹캠,고성능 웹캠,info,tip,고성능 웹캠 추천 및 제품 정보,slot_2step,2026-06-09T02:23:51.900972+00:00
07-webcam-recommend-how-to-install-webcam,07-webcam-recommend,07,how-to-install-webcam,웹캠 설치,웹캠 설치 방법,howto,tip,웹캠 설치 방법 안내,slot_2step,2026-06-09T02:23:51.900972+00:00
07-webcam-recommend-portable-webcam-for-travel,07-webcam-recommend,07,portable-webcam-for-travel,여행용 웹캠,여행용 웹캠 추천 휴대용,info,tip,여행용으로 적합한 웹캠,slot_2step,2026-06-09T02:23:51.900972+00:00
07-webcam-recommend-recommended-webcams-for-office,07-webcam-recommend,07,recommended-webcams-for-office,사무실 웹캠 추천,사무실 웹캠 추천,info,tip,사무실에서 사용하기 좋은 고화질 웹캠 추천,slot_2step,2026-06-09T02:23:51.900972+00:00
07-webcam-recommend-streaming-webcam,07-webcam-recommend,07,streaming-webcam,스트리밍 웹캠,고화질 스트리밍 웹캠 추천,info,tip,스트리밍에 적합한 웹캠,slot_2step,2026-06-09T02:23:51.900972+00:00
07-webcam-recommend-types-of-webcam-lenses,07-webcam-recommend,07,types-of-webcam-lenses,웹캠 렌즈 종류,웹캠 렌즈 종류,info,tip,다양한 웹캠 렌즈의 종류와 특징에 대한 정보,slot_2step,2026-06-09T02:23:51.900972+00:00
07-webcam-recommend-webcam-comparison-review,07-webcam-recommend,07,webcam-comparison-review,웹캠 비교,웹캠 비교 리뷰,compare,review,다양한 웹캠 비교 분석,slot_2step,2026-06-09T02:23:51.900972+00:00
07-webcam-recommend-webcam-for-baby-video-call,07-webcam-recommend,07,webcam-for-baby-video-call,아기 화상 웹캠,아기 화상 통화용 웹캠 추천,info,tip,아기 화상 통화에 적합한 웹캠,slot_2step,2026-06-09T02:23:51.900972+00:00
07-webcam-recommend-webcam-for-home-office,07-webcam-recommend,07,webcam-for-home-office,홈오피스 웹캠,홈오피스용 웹캠 추천 베스트,info,tip,홈오피스 웹캠 선택 가이드,slot_2step,2026-06-09T02:23:51.900972+00:00
07-webcam-recommend-webcam-for-online-lecture,07-webcam-recommend,07,webcam-for-online-lecture,온라인 강의 웹캠,온라인 강의용 웹캠 추천,info,tip,온라인 강의에 적합한 웹캠,slot_2step,2026-06-09T02:23:51.900972+00:00
07-webcam-recommend-webcam-for-video-conference,07-webcam-recommend,07,webcam-for-video-conference,화상회의용 웹캠,화상회의용 웹캠 추천 TOP 5,info,tip,화상회의용 웹캠 선택 가이드,slot_2step,2026-06-09T02:23:51.900972+00:00
07-webcam-recommend-webcam-installation-guide,07-webcam-recommend,07,webcam-installation-guide,웹캠 설치하는 법,쉽고 빠른 웹캠 설치 방법,howto,tip,컴퓨터에 웹캠을 쉽게 설치하는 방법에 대한 가이드,slot_2step,2026-06-09T02:23:51.900972+00:00
07-webcam-recommend-webcam-microphone-performance,07-webcam-recommend,07,webcam-microphone-performance,웹캠 마이크 성능,웹캠 마이크 성능,info,tip,다양한 웹캠의 마이크 성능 비교 정보,slot_2step,2026-06-09T02:23:51.900972+00:00
07-wireless-charger-camping-wireless-charger,07-wireless-charger,07,camping-wireless-charger,캠핑용 무선충전기,캠핑용 무선충전기 추천 및 사용 팁,info,tip,캠핑용 무선충전기 추천 제품과 사용법을 소개합니다.,slot_2step,2026-06-10T06:32:51.930510+00:00
07-wireless-charger-how-to-choose-wireless-charger,07-wireless-charger,07,how-to-choose-wireless-charger,무선충전기 선택 가이드,무선충전기 고르는 법 완벽 가이드,howto,tip,"충전 속도, 호환성, 디자인 등을 고려한 무선충전기 선택 가이드",slot_2step,2026-06-09T02:25:14.739857+00:00
07-wireless-charger-wireless-charger-charging-speed-comparison,07-wireless-charger,07,wireless-charger-charging-speed-comparison,무선충전기 충전 속도,무선충전기 충전 속도 비교 분석,info,tip,빠른 충전 속도의 무선충전기를 소개합니다.,slot_2step,2026-06-09T02:25:14.739857+00:00
07-wireless-charger-wireless-charger-compatibility-info,07-wireless-charger,07,wireless-charger-compatibility-info,무선충전기 호환성 정보,무선충전기 호환성 완벽 정리,info,tip,다양한 디바이스와의 무선충전기 호환성 정보를 제공합니다.,slot_2step,2026-06-09T02:25:14.739857+00:00
07-wireless-charger-wireless-charger-design-review,07-wireless-charger,07,wireless-charger-design-review,무선충전기 디자인 리뷰,무선충전기 디자인 리뷰 및 추천,review,tip,심플하고 모던한 디자인의 무선충전기 제품을 소개합니다.,slot_2step,2026-06-09T02:25:14.739857+00:00
07-wireless-charger-wireless-charger-failure-causes,07-wireless-charger,07,wireless-charger-failure-causes,무선충전기 고장 원인,무선충전기 고장 원인 및 해결 방법,info,tip,무선충전기의 고장 원인과 해결 방법을 알려드립니다.,slot_2step,2026-06-09T02:25:14.739857+00:00
07-wireless-charger-wireless-charger-gift-ideas,07-wireless-charger,07,wireless-charger-gift-ideas,무선충전기 선물 아이디어,무선충전기 선물 추천 BEST 5,review,tip,친구와 가족을 위한 인기 무선충전기 선물 추천,slot_2step,2026-06-09T02:25:14.739857+00:00
07-wireless-charger-wireless-charger-recommendation-rank,07-wireless-charger,07,wireless-charger-recommendation-rank,무선충전기 순위,무선충전기 추천 순위 TOP 10,review,tip,무선충전기 제품의 충전 속도와 호환성을 기준으로 한 추천 순위 정보,slot_2step,2026-06-09T02:25:14.739857+00:00
07-wireless-charger-wireless-charger-rental,07-wireless-charger,07,wireless-charger-rental,무선충전기 대여,무선충전기 대여 서비스 비교 가이드,info,tip,무선충전기 대여 서비스의 장단점과 선택 팁을 제공합니다.,slot_2step,2026-06-09T02:25:14.739857+00:00
07-wireless-charger-wireless-charger-rental-info,07-wireless-charger,07,wireless-charger-rental-info,무선충전기 대여 정보,무선충전기 대여 서비스 정보,info,tip,무선충전기 대여 서비스에 대한 정보를 제공합니다.,slot_2step,2026-06-09T02:25:14.739857+00:00
07-wireless-charger-wireless-charger-rental-service,07-wireless-charger,07,wireless-charger-rental-service,무선충전기 대여 서비스,무선충전기 대여 가능한 곳,info,tip,무선충전기를 대여할 수 있는 서비스와 가격을 비교해드립니다.,slot_2step,2026-06-09T02:25:14.739857+00:00
07-wireless-charger-wireless-charger-repair-method,07-wireless-charger,07,wireless-charger-repair-method,무선충전기 수리 방법,무선충전기 수리 방법 및 팁,howto,tip,직접 수리할 수 있는 무선충전기 수리 방법을 제공합니다.,slot_2step,2026-06-09T02:25:14.739857+00:00
07-wireless-charger-wireless-charger-safety-guide,07-wireless-charger,07,wireless-charger-safety-guide,무선충전기 안전 사용,무선충전기 안전 사용 가이드 및 주의사항,info,tip,무선충전기 안전 사용을 위한 가이드와 주의사항을 알려드립니다.,slot_2step,2026-06-10T06:32:51.930510+00:00
07-wireless-charger-wireless-charger-safety-info,07-wireless-charger,07,wireless-charger-safety-info,무선충전기 안전성 정보,무선충전기 안전성 정보 및 주의사항,info,tip,무선충전기의 안전성에 대한 정보를 제공합니다.,slot_2step,2026-06-09T02:25:14.739857+00:00
07-wireless-charger-wireless-vs-wired-charger,07-wireless-charger,07,wireless-vs-wired-charger,무선충전기 vs 유선충전기,무선충전기와 유선충전기 차이점 및 장단점,info,tip,무선충전기와 유선충전기의 차이점과 장단점을 비교합니다.,slot_2step,2026-06-10T06:32:51.930510+00:00
08-pre-makeup-routine-basic-skin-care-before-makeup,08-pre-makeup-routine,08,basic-skin-care-before-makeup,메이크업 전 기초 케어,메이크업 전 기초 케어와 루틴,howto,tip,메이크업 전 기초 케어 방법을 소개합니다.,slot_2step,2026-06-09T02:40:30.720498+00:00
08-pre-makeup-routine-basic-skin-care-before-makeup-2,08-pre-makeup-routine,08,basic-skin-care-before-makeup-2,메이크업 전 기초 스킨케어,메이크업 전 기초 스킨케어 루틴,howto,tip,메이크업 전 기초 스킨케어를 위한 단계별 가이드를 제공합니다.,slot_2step,2026-06-09T02:40:30.720498+00:00
08-pre-makeup-routine-choose-basic-makeup-products,08-pre-makeup-routine,08,choose-basic-makeup-products,화장 전 기초 제품 선택,화장 전 기초 제품 선택 가이드,info,tip,화장 전 기초 제품 선택 방법을 알려드립니다.,slot_2step,2026-06-09T02:40:30.720498+00:00
08-pre-makeup-routine-combination-skin-makeup-routine,08-pre-makeup-routine,08,combination-skin-makeup-routine,복합성 피부 화장 전 루틴,복합성 피부 화장 전 루틴 가이드,howto,tip,복합성 피부를 위한 화장 전 루틴을 알려드립니다.,slot_2step,2026-06-09T02:40:30.720498+00:00
08-pre-makeup-routine-combination-skin-makeup-tips,08-pre-makeup-routine,08,combination-skin-makeup-tips,혼합성 피부 메이크업 팁,혼합성 피부 메이크업 팁과 기술,howto,tip,혼합성 피부를 위한 메이크업 팁을 공유합니다.,slot_2step,2026-06-09T02:40:30.720498+00:00
08-pre-makeup-routine-dry-skin-makeup-tips,08-pre-makeup-routine,08,dry-skin-makeup-tips,건성 피부 화장 팁,건성 피부 화장 팁과 노하우,howto,tip,건성 피부를 위한 화장 팁을 공유합니다.,slot_2step,2026-06-09T02:40:30.720498+00:00
08-pre-makeup-routine-evening-makeup-prep-routine,08-pre-makeup-routine,08,evening-makeup-prep-routine,저녁 화장 전 피부 관리,저녁 화장 전 피부 관리 루틴,info,tip,저녁 화장 전 피부를 효과적으로 관리하는 방법을 알려드립니다.,slot_2step,2026-06-09T02:40:30.720498+00:00
08-pre-makeup-routine-normal-skin-pre-makeup,08-pre-makeup-routine,08,normal-skin-pre-makeup,일반 피부 화장 전 준비,일반 피부 화장 전 준비 방법,info,tip,일반 피부를 위한 화장 전 준비 방법을 알려드립니다.,slot_2step,2026-06-09T02:40:30.720498+00:00
08-pre-makeup-routine-nourishment-before-makeup,08-pre-makeup-routine,08,nourishment-before-makeup,화장 전 영양 크림 추천,화장 전 영양 공급 방법,info,tip,화장 전 피부에 영양을 공급하는 방법을 알려드립니다.,slot_2step,2026-06-09T02:40:30.720498+00:00
08-pre-makeup-routine-oily-skin-care-tips,08-pre-makeup-routine,08,oily-skin-care-tips,지성 피부 관리법,지성 피부 관리법과 화장 요령,info,tip,지성 피부를 위한 관리법을 소개합니다.,slot_2step,2026-06-09T02:40:30.720498+00:00
08-pre-makeup-routine-prepare-skin-before-makeup,08-pre-makeup-routine,08,prepare-skin-before-makeup,화장 전 피부 준비,화장 전 피부 준비 루틴,info,tip,화장 전 피부 준비 방법을 알려드립니다.,slot_2step,2026-06-09T02:40:30.720498+00:00
08-pre-makeup-routine-sensitive-skin-basic-makeup,08-pre-makeup-routine,08,sensitive-skin-basic-makeup,민감성 피부 기초 화장,민감성 피부 기초 화장법과 제품 추천,info,tip,민감성 피부를 위한 기초 화장법을 소개합니다.,slot_2step,2026-06-09T02:40:30.720498+00:00
08-pre-makeup-routine-skin-concerns-makeup-routine,08-pre-makeup-routine,08,skin-concerns-makeup-routine,피부 고민별 화장 루틴,피부 고민별 화장 루틴과 솔루션,howto,tip,피부 고민별 화장 루틴을 소개합니다.,slot_2step,2026-06-09T02:40:30.720498+00:00
08-pre-makeup-routine-skin-type-diagnosis-before-makeup,08-pre-makeup-routine,08,skin-type-diagnosis-before-makeup,화장 전 피부 타입 진단,화장 전 피부 타입 진단하기,info,tip,화장 전 피부 타입을 진단하는 방법을 소개합니다.,slot_2step,2026-06-09T02:40:30.720498+00:00
08-pre-makeup-routine-skin-type-makeup-methods,08-pre-makeup-routine,08,skin-type-makeup-methods,피부 타입별 화장 방법,피부 타입별 화장 방법과 노하우,info,tip,피부 타입별 화장 방법을 소개합니다.,slot_2step,2026-06-09T02:40:30.720498+00:00
08-weekend-face-mask-routine-custom-skincare-routine-by-skin-type,08-weekend-face-mask-routine,08,custom-skincare-routine-by-skin-type,피부 타입별 맞춤 루틴,피부 타입별 주말 팩 루틴 맞춤 관리법,info,tip,피부 타입에 따른 주말 스킨케어 루틴과 맞춤 관리법을 소개합니다.,slot_2step,2026-06-09T02:39:41.752189+00:00
08-weekend-face-mask-routine-dry-skin-moisturizing-methods,08-weekend-face-mask-routine,08,dry-skin-moisturizing-methods,건조한 피부 수분 공급법,건조한 피부에 수분 공급하는 법,info,tip,건조한 피부에 효과적인 수분 공급법과 제품 추천,slot_2step,2026-06-09T02:39:41.752189+00:00
08-weekend-face-mask-routine-face-massage-with-mask,08-weekend-face-mask-routine,08,face-massage-with-mask,팩과 함께 사용하는 마사지법,팩과 함께 하는 얼굴 마사지법,howto,tip,팩과 함께 사용하는 효과적인 얼굴 마사지법,slot_2step,2026-06-09T02:39:41.752189+00:00
08-weekend-face-mask-routine-how-to-apply-moisturizer-correctly,08-weekend-face-mask-routine,08,how-to-apply-moisturizer-correctly,보습제 바르는 올바른 방법,보습제 올바르게 바르는 법과 팁,howto,tip,보습제를 효과적으로 바르는 방법과 노하우를 공유합니다.,slot_2step,2026-06-09T02:39:41.752189+00:00
08-weekend-face-mask-routine-how-to-choose-sunscreen,08-weekend-face-mask-routine,08,how-to-choose-sunscreen,자외선 차단제 고르는 법,자외선 차단제 선택하는 방법과 기준,info,tip,자외선 차단제를 고를 때 고려해야 할 사항과 선택법을 알려드립니다.,slot_2step,2026-06-09T02:39:41.752189+00:00
08-weekend-face-mask-routine-morning-vs-night-skin-care-routine,08-weekend-face-mask-routine,08,morning-vs-night-skin-care-routine,아침 저녁 피부 관리 차이,아침과 저녁 피부 관리 루틴 차이점,info,tip,아침과 저녁 피부 관리 루틴의 차이점과 중요성을 설명합니다.,slot_2step,2026-06-09T02:39:41.752189+00:00
08-weekend-face-mask-routine-oil-infused-face-mask-ideas,08-weekend-face-mask-routine,08,oil-infused-face-mask-ideas,오일과 함께 쓰는 팩,오일과 함께 사용하는 얼굴 팩 추천,howto,tip,오일과 함께 사용하는 얼굴 팩 아이디어와 사용법을 공유합니다.,slot_2step,2026-06-09T02:39:41.752189+00:00
08-weekend-face-mask-routine-sensitive-skin-anti-aging-tips,08-weekend-face-mask-routine,08,sensitive-skin-anti-aging-tips,민감성 피부 안티에이징 팁,민감성 피부 안티에이징 관리 팁,info,tip,민감성 피부를 위한 안티에이징 팁과 제품 추천,slot_2step,2026-06-09T02:39:41.752189+00:00
08-weekend-face-mask-routine-weekend-exfoliating-routine,08-weekend-face-mask-routine,08,weekend-exfoliating-routine,주말 각질 제거 루틴,주말 각질 제거 루틴과 방법,howto,tip,주말을 활용한 각질 제거 루틴과 효과적인 방법,slot_2step,2026-06-09T02:39:41.752189+00:00
08-weekend-face-mask-routine-weekend-face-massage-techniques,08-weekend-face-mask-routine,08,weekend-face-massage-techniques,주말에 하는 얼굴 마사지,주말에 얼굴 마사지하는 방법과 효과,howto,tip,주말에 집에서 할 수 있는 얼굴 마사지 방법을 알려드립니다.,slot_2step,2026-06-09T02:39:41.752189+00:00
08-weekend-face-mask-routine-weekend-skin-care-product-recommendations,08-weekend-face-mask-routine,08,weekend-skin-care-product-recommendations,주말 피부 관리 제품 추천,주말 피부 관리에 좋은 제품 추천 리스트,info,tip,주말 피부 관리에 도움이 되는 제품들을 추천합니다.,slot_2step,2026-06-09T02:39:41.752189+00:00
08-weekend-face-mask-routine-weekend-skin-recovery-tips,08-weekend-face-mask-routine,08,weekend-skin-recovery-tips,주말 피부 회복 노하우,주말에 피부 회복하는 법 노하우 공유,info,tip,주말을 활용해 피부를 회복하는 노하우와 팁을 제공합니다.,slot_2step,2026-06-09T02:39:41.752189+00:00
08-weekend-face-mask-routine-weekend-travel-skin-care-tips,08-weekend-face-mask-routine,08,weekend-travel-skin-care-tips,여행 피부 관리 팁,주말 여행 피부 관리 노하우,info,tip,여행 중 피부를 건강하게 유지하는 방법을 알려드립니다.,slot_2step,2026-06-09T02:39:41.752189+00:00
09-hidden-food-affordable-eats,09-hidden-food,09,affordable-eats,가성비 맛집,가격 대비 좋은 맛집 - 가성비 식당 추천,info,tip,가격 대비 만족도 높은 맛집을 소개합니다.,slot_2step,2026-06-09T02:59:48.175199+00:00
09-hidden-food-busan-hidden-restaurants,09-hidden-food,09,busan-hidden-restaurants,부산 지역 숨은 맛집,부산 숨은 맛집 찾기,info,local,부산의 숨은 맛집을 소개합니다.,slot_2step,2026-06-09T02:59:48.175199+00:00
09-hidden-food-camping-nearby-restaurants,09-hidden-food,09,camping-nearby-restaurants,캠핑장 근처 식당,캠핑장 근처 맛집 찾기,info,tip,캠핑장 근처 맛집을 소개합니다.,slot_2step,2026-06-09T02:59:48.175199+00:00
09-hidden-food-date-night-restaurant-guide,09-hidden-food,09,date-night-restaurant-guide,데이트 코스 맛집 추천,데이트 코스 맛집 선정 가이드,info,tip,로맨틱한 데이트 코스를 위한 맛집 추천.,slot_2step,2026-06-09T02:59:48.175199+00:00
09-hidden-food-family-friendly-restaurants-with-babies,09-hidden-food,09,family-friendly-restaurants-with-babies,아기 동반 가족 식당,아기 동반 가족 맛집 추천,info,tip,아기와 함께 방문하기 좋은 맛집을 소개합니다.,slot_2step,2026-06-09T02:59:48.175199+00:00
09-hidden-food-foodie-map,09-hidden-food,09,foodie-map,맛집 위치 찾기,숨은 맛집 지도 - 지역별 맛집 위치 찾기,info,tip,지역별 숨은 맛집의 위치를 한눈에 찾아보세요.,slot_2step,2026-06-09T02:59:48.175199+00:00
09-hidden-food-group-dining-spots,09-hidden-food,09,group-dining-spots,모임하기 좋은 식당,모임 장소로 좋은 맛집 - 단체 모임 식당 추천,info,tip,단체 모임하기 좋은 맛집을 소개합니다.,slot_2step,2026-06-09T02:59:48.175199+00:00
09-hidden-food-hidden-cafes-in-neighborhood,09-hidden-food,09,hidden-cafes-in-neighborhood,동네 숨은 카페,동네 숨은 카페 찾기 - 분위기 좋은 카페 추천,info,tip,동네에 숨겨진 분위기 좋은 카페를 소개합니다.,slot_2step,2026-06-09T02:59:48.175199+00:00
09-hidden-food-hidden-restaurant-blog-reviews,09-hidden-food,09,hidden-restaurant-blog-reviews,블로그 맛집 리뷰,숨은 맛집 블로그 리뷰 모음,review,tip,숨은 맛집에 대한 블로그 리뷰를 소개합니다.,slot_2step,2026-06-09T02:59:48.175199+00:00
09-hidden-food-late-night-cafes,09-hidden-food,09,late-night-cafes,야간 영업 카페,야간에 영업하는 카페 찾기,info,tip,야간에 영업하는 카페를 소개합니다.,slot_2step,2026-06-09T02:59:48.175199+00:00
09-hidden-food-local-recommended-restaurants,09-hidden-food,09,local-recommended-restaurants,여행지 현지인 추천 맛집,여행지 현지인 맛집 추천,info,tip,여행지 현지인들이 추천하는 맛집을 소개합니다.,slot_2step,2026-06-09T02:59:48.175199+00:00
09-hidden-food-rainy-day-date-cafes,09-hidden-food,09,rainy-day-date-cafes,비오는 날 데이트,비오는 날 데이트 카페 - 로맨틱한 분위기,info,tip,비오는 날 데이트하기 좋은 카페를 추천합니다.,slot_2step,2026-06-09T02:59:48.175199+00:00
09-hidden-food-reserving-hidden-gems,09-hidden-food,09,reserving-hidden-gems,맛집 예약하는 법,숨은 맛집 예약 방법 - 인기 식당 예약 팁,howto,tip,숨은 맛집 예약하는 법을 알려드립니다.,slot_2step,2026-06-09T02:59:48.175199+00:00
09-hidden-food-reserving-hidden-restaurants,09-hidden-food,09,reserving-hidden-restaurants,숨은 맛집 예약 방법,숨은 맛집 예약 방법 가이드,howto,tip,숨은 맛집 예약 방법을 소개합니다.,slot_2step,2026-06-09T02:59:48.175199+00:00
09-hidden-food-senior-friendly-travel-restaurants,09-hidden-food,09,senior-friendly-travel-restaurants,노인 동반 여행 식당,노인 동반 여행 맛집 추천,info,tip,노인 동반 여행을 위한 맛집을 추천합니다.,slot_2step,2026-06-09T02:59:48.175199+00:00
09-reservation-food-baby-friendly-dining-places,09-reservation-food,09,baby-friendly-dining-places,아기 동반 외식 장소,아기와 함께 외식하기 좋은 장소,info,tip,아기와 함께 외식할 수 있는 장소 정보 제공,slot_2step,2026-06-09T03:00:13.067276+00:00
09-reservation-food-birthday-dining-recommendations,09-reservation-food,09,birthday-dining-recommendations,친구 생일 외식 장소,친구 생일 외식 장소 추천,info,tip,친구 생일에 외식하기 좋은 장소 추천,slot_2step,2026-06-09T03:00:13.067276+00:00
09-reservation-food-breakfast-restaurant,09-reservation-food,09,breakfast-restaurant,아침 식사 맛집,아침 식사하기 좋은 곳,info,tip,출근 전 아침 식사 장소 추천,slot_2step,2026-06-09T03:00:13.067276+00:00
09-reservation-food-campsite-nearby-restaurant,09-reservation-food,09,campsite-nearby-restaurant,캠핑장 근처 식당,캠핑장 근처 먹거리,info,tip,캠핑장 근처 식당 정보,slot_2step,2026-06-09T03:00:13.067276+00:00
09-reservation-food-date-night-itinerary,09-reservation-food,09,date-night-itinerary,연인과 데이트 코스,연인과 데이트하기 좋은 코스,info,tip,연인과 데이트하기 좋은 코스 정보 제공,slot_2step,2026-06-09T03:00:13.067276+00:00
09-reservation-food-group-outing-spot,09-reservation-food,09,group-outing-spot,단체 외식 장소,단체 외식 장소 추천 - 모임하기 좋은 식당,info,tip,단체 외식하기 좋은 장소와 식당 정보를 제공합니다.,slot_2step,2026-06-09T03:00:13.067276+00:00
09-reservation-food-kid-friendly-outing-menu,09-reservation-food,09,kid-friendly-outing-menu,아이와 외식 메뉴,아이와 외식 메뉴 추천 - 가족 외식하기 좋은 곳,info,tip,아이와 외식하기 좋은 메뉴와 식당 정보를 제공합니다.,slot_2step,2026-06-09T03:00:13.067276+00:00
09-reservation-food-kid-friendly-restaurants,09-reservation-food,09,kid-friendly-restaurants,아이와 갈 수 있는 식당,아이와 함께 갈 수 있는 식당,info,tip,아이와 함께 방문할 수 있는 식당 정보 제공,slot_2step,2026-06-09T03:00:13.067276+00:00
09-reservation-food-late-night-restaurant,09-reservation-food,09,late-night-restaurant,야간 영업 식당,밤에 영업하는 식당,info,tip,야간에 영업하는 식당 정보,slot_2step,2026-06-09T03:00:13.067276+00:00
09-reservation-food-nearby-accommodation-restaurant,09-reservation-food,09,nearby-accommodation-restaurant,숙소 근처 맛집,숙소 근처 먹기 좋은 곳,info,tip,숙소 근처 맛집 찾기,slot_2step,2026-06-09T03:00:13.067276+00:00
09-reservation-food-parents-travel-recommendations,09-reservation-food,09,parents-travel-recommendations,부모님과 갈만한 맛집,부모님과 함께 갈만한 곳 베스트,info,tip,부모님과 함께 방문하기 좋은 맛집 정보 공유,slot_2step,2026-06-09T03:00:13.067276+00:00
09-reservation-food-post-hiking-meal,09-reservation-food,09,post-hiking-meal,등산 후 식사,등산 후 먹기 좋은 식당,info,tip,등산 후 식사 추천 장소,slot_2step,2026-06-09T03:00:13.067276+00:00
09-reservation-food-rainy-day-dining,09-reservation-food,09,rainy-day-dining,비오는 날 외식,비오는 날 외식 장소,info,tip,비오는 날 외식하기 좋은 곳,slot_2step,2026-06-09T03:00:13.067276+00:00
09-reservation-food-restaurant-with-parking,09-reservation-food,09,restaurant-with-parking,주차장 있는 식당,주차장 있는 식당 찾기 - 편리한 외식 장소,info,tip,주차장이 있는 식당 정보를 제공합니다.,slot_2step,2026-06-09T03:00:13.067276+00:00
09-reservation-food-senior-travel-food-recommendations,09-reservation-food,09,senior-travel-food-recommendations,노인 여행 추천 맛집,노인 여행객을 위한 맛집 추천,info,tip,노인 여행객을 위한 맛집 정보 제공,slot_2step,2026-06-09T03:00:13.067276+00:00
10-diet-bento-baby-lunch-box,10-diet-bento,10,baby-lunch-box,아기 도시락,아기 도시락 만들기,howto,tip,아기를 위한 건강한 도시락을 만드는 방법을 제공합니다.,slot_2step,2026-06-09T03:18:49.317588+00:00
10-diet-bento-camping-lunch-box-menu,10-diet-bento,10,camping-lunch-box-menu,캠핑 도시락,캠핑 도시락 메뉴 계획,info,tip,캠핑을 위한 도시락 메뉴를 계획합니다.,slot_2step,2026-06-09T03:18:49.317588+00:00
10-diet-bento-city-lunch-food-poisoning-prevention,10-diet-bento,10,city-lunch-food-poisoning-prevention,도시락 식중독 예방법,도시락 식중독 예방 수칙과 안전한 보관 방법,info,tip,도시락 식중독을 예방하기 위한 안전한 식품 보관 및 취급 방법,slot_2step,2026-06-09T03:18:49.317588+00:00
10-diet-bento-diet-lunch-box,10-diet-bento,10,diet-lunch-box,다이어트 도시락,다이어트 도시락 식단 추천,info,tip,건강한 다이어트를 위한 도시락 식단을 소개합니다.,slot_2step,2026-06-09T03:18:49.317588+00:00
10-diet-bento-gluten-free-lunch-box,10-diet-bento,10,gluten-free-lunch-box,글루텐 프리 도시락,글루텐 프리 도시락 레시피 및 식단 관리,info,tip,글루텐 프리 도시락 레시피와 식단 관리 방법을 소개합니다.,slot_2step,2026-06-09T03:18:49.317588+00:00
10-diet-bento-in-flight-lunch-box,10-diet-bento,10,in-flight-lunch-box,기내 반입 도시락,기내 반입 도시락 추천,info,tip,여행을 위한 기내 반입 도시락을 추천합니다.,slot_2step,2026-06-09T03:18:49.317588+00:00
10-diet-bento-kid-lunch-box-ideas,10-diet-bento,10,kid-lunch-box-ideas,어린이 도시락,어린이 도시락 아이디어,info,tip,어린이를 위한 맛있는 도시락 아이디어를 제공합니다.,slot_2step,2026-06-09T03:18:49.317588+00:00
10-diet-bento-lunch-box-food-poisoning,10-diet-bento,10,lunch-box-food-poisoning,도시락 식중독,도시락 식중독 예방법 및 안전 수칙,info,tip,도시락 식중독 예방법 및 안전 수칙을 제공합니다.,slot_2step,2026-06-09T03:18:49.317588+00:00
10-diet-bento-lunch-box-insulation,10-diet-bento,10,lunch-box-insulation,도시락 보온,도시락 보온 방법,howto,tip,도시락을 보온하는 방법을 제공합니다.,slot_2step,2026-06-09T03:18:49.317588+00:00
10-diet-bento-lunch-box-nutrient-balance,10-diet-bento,10,lunch-box-nutrient-balance,도시락 영양소,도시락 영양소 균형 맞추는 법,info,tip,건강한 도시락을 위한 영양소 균형 정보를 제공합니다.,slot_2step,2026-06-09T03:18:49.317588+00:00
10-diet-bento-pregnant-woman-lunch-box,10-diet-bento,10,pregnant-woman-lunch-box,임산부 도시락,임산부 도시락 준비하기,info,tip,건강한 임신을 위한 도시락 아이디어를 제공합니다.,slot_2step,2026-06-09T03:18:49.317588+00:00
10-diet-bento-senior-lunch-box-delivery,10-diet-bento,10,senior-lunch-box-delivery,노인 도시락 배달,노인 도시락 배달 서비스 및 식단 정보,info,tip,노인 도시락 배달 서비스 및 식단 정보를 소개합니다.,slot_2step,2026-06-09T03:18:49.317588+00:00
10-diet-bento-senior-nutrition-lunch-box,10-diet-bento,10,senior-nutrition-lunch-box,노인 영양 도시락,노인 영양 도시락 만들기,info,tip,노인의 영양을 위한 도시락 식단을 제안합니다.,slot_2step,2026-06-09T03:18:49.317588+00:00
10-diet-bento-vegan-lunch-box,10-diet-bento,10,vegan-lunch-box,비건 도시락,비건 도시락 레시피 및 아이디어 모음,info,tip,건강한 비건 도시락 레시피와 아이디어를 소개합니다.,slot_2step,2026-06-09T03:18:49.317588+00:00
10-diet-bento-vegetarian-lunch-box,10-diet-bento,10,vegetarian-lunch-box,채식 도시락,채식 도시락 아이디어 및 영양소 정보,info,tip,다양한 채식 도시락 아이디어와 영양소 정보를 제공합니다.,slot_2step,2026-06-09T03:18:49.317588+00:00
10-topic-brewing-coffee-at-campsite,10-topic,10,brewing-coffee-at-campsite,캠핑장에서 커피 내리기,캠핑장에서 커피 내리는 방법,info,tip,캠핑장에서 커피를 내리는 방법,slot_2step,2026-06-09T03:21:38.049456+00:00
10-topic-camp-cooking-budget-planning,10-topic,10,camp-cooking-budget-planning,캠핑 요리 예산 계획 세우기,캠핑 요리 예산 계획 세우기,info,tip,캠핑 요리 예산을 계획하고 비용을 절약하는 방법에 대해 알아보세요.,slot_2step,2026-06-09T03:21:38.049456+00:00
10-topic-camp-cooking-failure-stories,10-topic,10,camp-cooking-failure-stories,캠핑 요리 실패 사례 모음,캠핑 요리 실패 사례와 그 원인,info,tip,캠핑 요리 실패 사례를 통해 성공적인 요리의 노하우를 배워보세요.,slot_2step,2026-06-09T03:21:38.049456+00:00
10-topic-camp-cooking-ingredient-preparation,10-topic,10,camp-cooking-ingredient-preparation,캠핑 요리 재료 준비,캠핑 요리 재료 준비하는 법,info,tip,캠핑 요리에 필요한 재료 준비 방법,slot_2step,2026-06-09T03:21:38.049456+00:00
10-topic-camp-cooking-space-decor-ideas,10-topic,10,camp-cooking-space-decor-ideas,캠핑장 조리공간 꾸미기 아이디어,캠핑장 조리 공간 꾸미기 아이디어 10가지,info,tip,캠핑장 조리 공간을 효율적으로 꾸미는 방법에 대해 알아보세요.,slot_2step,2026-06-09T03:21:38.049456+00:00
10-topic-camp-cooking-with-kids,10-topic,10,camp-cooking-with-kids,아이들과 캠핑 요리,아이들과 함께하는 캠핑 요리,info,tip,아이들과 함께 캠핑 요리를 즐기는 방법,slot_2step,2026-06-09T03:21:38.049456+00:00
10-topic-camp-dish-cleaning-methods,10-topic,10,camp-dish-cleaning-methods,캠핑장 식기 청소 방법,캠핑장 식기 청소 방법과 주의사항,info,tip,캠핑장에서 식기를 깨끗하게 청소하는 방법에 대해 알아보세요.,slot_2step,2026-06-09T03:21:38.049456+00:00
10-topic-camp-easy-meal-recipes,10-topic,10,camp-easy-meal-recipes,캠핑장 간편식 조리법,캠핑장 간편식 조리법과 추천 메뉴,info,tip,캠핑장에서 간편하게 조리할 수 있는 식사법을 알아보세요.,slot_2step,2026-06-09T03:21:38.049456+00:00
10-topic-camp-food-storage-tips,10-topic,10,camp-food-storage-tips,캠핑장 음식 보관 방법,캠핑장 음식 보관 방법과 팁,info,tip,캠핑장에서 음식을 안전하게 보관하는 방법에 대해 알아보세요.,slot_2step,2026-06-09T03:21:38.049456+00:00
10-topic-camp-friendly-cooking-methods,10-topic,10,camp-friendly-cooking-methods,캠핑장 친환경 요리,캠핑장 친환경 요리 방법,info,tip,캠핑장에서 환경을 보호하며 요리하는 방법을 소개합니다.,slot_2step,2026-06-09T03:21:38.049456+00:00
10-topic-camp-site-convenient-food-preparation,10-topic,10,camp-site-convenient-food-preparation,캠핑장 간편식 준비,캠핑장 간편식 준비하는 방법,info,tip,캠핑장에서 간편하게 먹을 수 있는 식사 준비 방법,slot_2step,2026-06-09T03:21:38.049456+00:00
10-topic-camp-site-food-waste-management,10-topic,10,camp-site-food-waste-management,캠핑장 음식물 처리,캠핑장 음식물 처리 방법,info,tip,캠핑장에서 음식물을 처리하는 방법,slot_2step,2026-06-09T03:21:38.049456+00:00
10-topic-cooking-sequence-at-camp,10-topic,10,cooking-sequence-at-camp,캠핑장 요리 순서,캠핑장 요리 순서 가이드,info,tip,캠핑장에서 효율적으로 요리할 수 있는 순서를 제안합니다.,slot_2step,2026-06-09T03:21:38.049456+00:00
10-topic-food-allergy-management-at-camp,10-topic,10,food-allergy-management-at-camp,캠핑장 음식 알레르기,캠핑장 음식 알레르기 관리,info,tip,캠핑장에서 음식 알레르기로부터 안전하게 요리하고 먹는 법을 알려드립니다.,slot_2step,2026-06-09T03:21:38.049456+00:00
10-topic-outdoor-cooking-tool-recommendation,10-topic,10,outdoor-cooking-tool-recommendation,야외 요리 도구,야외 요리 도구 추천 베스트,info,tip,야외에서 요리하기 좋은 도구들,slot_2step,2026-06-09T03:21:38.049456+00:00
11-travel-itinerary-2-choosing-accommodation-for-senior-travelers,11-travel-itinerary-2,11,choosing-accommodation-for-senior-travelers,노인 여행 숙소,노인 여행 숙소 고르는 법과 팁,info,tip,노인 여행자를 위한 숙소 선택 팁을 제공합니다.,slot_2step,2026-06-10T04:32:39.008767+00:00
11-travel-itinerary-2-creating-a-travel-itinerary,11-travel-itinerary-2,11,creating-a-travel-itinerary,여행 일정표 작성,여행 일정표 작성하는 방법과 팁,howto,tip,여행 일정표를 작성하는 방법과 팁을 제공합니다.,slot_2step,2026-06-10T04:32:39.008767+00:00
11-travel-itinerary-2-disabled-travel-support,11-travel-itinerary-2,11,disabled-travel-support,장애인 여행 지원,장애인 여행 지원 서비스,info,tip,장애인 여행을 위한 다양한 지원 서비스를 소개합니다.,slot_2step,2026-06-10T04:32:39.008767+00:00
11-travel-itinerary-2-effective-travel-scheduling,11-travel-itinerary-2,11,effective-travel-scheduling,여행 일정 관리,효율적인 해외여행 일정 관리 방법,info,tip,해외여행 일정을 효율적으로 관리하는 방법을 알아보세요.,slot_2step,2026-06-10T04:32:39.008767+00:00
11-travel-itinerary-2-efficient-travel-route,11-travel-itinerary-2,11,efficient-travel-route,효율적 여행 루트,효율적인 여행 루트 찾기,info,tip,시간과 비용을 절약하는 여행 루트 찾기 팁을 제공합니다.,slot_2step,2026-06-10T04:32:39.008767+00:00
11-travel-itinerary-2-essential-items-for-camping-trips,11-travel-itinerary-2,11,essential-items-for-camping-trips,캠핑 여행 준비물,캠핑 여행 필수 준비물 체크리스트,info,tip,캠핑 여행을 위한 필수 준비물을 안내합니다.,slot_2step,2026-06-10T04:32:39.008767+00:00
11-travel-itinerary-2-how-to-purchase-travel-insurance,11-travel-itinerary-2,11,how-to-purchase-travel-insurance,여행 보험 가입,여행 보험 가입하는 방법과 필요성,howto,tip,여행 보험 가입 방법과 중요성을 설명합니다.,slot_2step,2026-06-10T04:32:39.008767+00:00
11-travel-itinerary-2-packing-carry-on-luggage,11-travel-itinerary-2,11,packing-carry-on-luggage,기내 수화물 꾸리기,기내 수화물 꾸리는 법과 주의사항,howto,tip,기내 수화물을 꾸리는 방법과 주의사항을 설명합니다.,slot_2step,2026-06-10T04:32:39.008767+00:00
11-travel-itinerary-2-packing-medication-for-travel,11-travel-itinerary-2,11,packing-medication-for-travel,여행 의약품 챙기기,여행 중 의약품 챙기는 법과 주의사항,howto,tip,여행 중 의약품을 챙기는 방법과 주의사항을 설명합니다.,slot_2step,2026-06-10T04:32:39.008767+00:00
11-travel-itinerary-2-preventing-illnesses-during-travel,11-travel-itinerary-2,11,preventing-illnesses-during-travel,여행 질병 예방,여행 중 발생할 수 있는 질병과 예방법,info,tip,여행 중 질병 예방을 위한 정보를 제공합니다.,slot_2step,2026-06-10T04:32:39.008767+00:00
11-travel-itinerary-2-recommended-domestic-travel-destinations,11-travel-itinerary-2,11,recommended-domestic-travel-destinations,국내 여행지 추천,국내 여행지 추천 코스 및 여행 정보,info,tip,국내 여행지를 추천하고 여행 정보를 제공합니다.,slot_2step,2026-06-10T04:32:39.008767+00:00
11-travel-itinerary-2-tips-for-saving-travel-expenses,11-travel-itinerary-2,11,tips-for-saving-travel-expenses,여행 경비 절약,여행 경비 절약하는 팁과 방법,info,tip,여행 경비를 절약하는 팁과 방법을 공유합니다.,slot_2step,2026-06-10T04:32:39.008767+00:00
11-travel-itinerary-2-travel-checklist,11-travel-itinerary-2,11,travel-checklist,여행 준비물 체크,여행 준비물 체크리스트,info,tip,여행 전 필수 준비물을 체크하세요.,slot_2step,2026-06-10T04:32:39.008767+00:00
11-travel-itinerary-2-travel-comparison-sites,11-travel-itinerary-2,11,travel-comparison-sites,여행 비교 사이트,여행 비교 사이트 모음,info,tip,여행 계획 시 유용한 비교 사이트를 모아봤습니다.,slot_2step,2026-06-10T04:32:39.008767+00:00
12-economy-facts-bank-loan-conditions,12-economy-facts,12,bank-loan-conditions,은행 대출 조건,은행 대출 조건과 팁,info,tip,은행 대출 조건을 알아보고 유리한 대출을 받자,slot_2step,2026-06-10T04:35:07.445490+00:00
12-economy-facts-consumer-protection-law,12-economy-facts,12,consumer-protection-law,소비자 보호법 주요 내용,소비자 보호법과 나의 권리,info,tip,소비자 보호법의 주요 내용을 알아보자,slot_2step,2026-06-10T04:35:07.445490+00:00
12-economy-facts-corporate-accounting-principles,12-economy-facts,12,corporate-accounting-principles,기업 회계 원리 이해,기업 회계 원리와 기본 개념,info,tip,기업 회계 원리를 쉽게 이해하기,slot_2step,2026-06-10T04:35:07.445490+00:00
12-economy-facts-corporate-financial-analysis,12-economy-facts,12,corporate-financial-analysis,기업 재무 분석,기업 재무 분석 방법과 중요성,info,tip,기업 재무 분석을 통해 기업의 건강 상태를 파악하세요.,slot_2step,2026-06-10T04:35:07.445490+00:00
12-economy-facts-credit-card-selection,12-economy-facts,12,credit-card-selection,신용 카드 선택,나에게 맞는 신용 카드 선택 방법,howto,tip,신용 카드를 선택할 때 고려해야 할 사항들을 알려드립니다.,slot_2step,2026-06-10T04:35:07.445490+00:00
12-economy-facts-currency-value-fluctuation,12-economy-facts,12,currency-value-fluctuation,화폐 가치 변동 요인,화폐 가치 변동 원인과 영향,info,tip,화폐 가치 변동에 영향을 주는 요인을 분석,slot_2step,2026-06-10T04:35:07.445490+00:00
12-economy-facts-economic-crisis-response,12-economy-facts,12,economic-crisis-response,경제 위기 대응 전략,경제 위기 대응 전략과 방법,info,tip,경제 위기에 대비하는 전략을 알아보자,slot_2step,2026-06-10T04:35:07.445490+00:00
12-economy-facts-economic-indicator-interpretation,12-economy-facts,12,economic-indicator-interpretation,경제 지표 분석,경제 지표 해석 방법과 활용 팁,info,tip,경제 지표 해석 방법을 알아보고 실생활에 활용하세요.,slot_2step,2026-06-10T04:35:07.445490+00:00
12-economy-facts-financial-product-comparison,12-economy-facts,12,financial-product-comparison,금융 상품 비교,다양한 금융 상품 비교 분석,info,tip,다양한 금융 상품을 비교하고 선택하세요.,slot_2step,2026-06-10T04:35:07.445490+00:00
12-economy-facts-financial-statement-analysis,12-economy-facts,12,financial-statement-analysis,재무제표 보는 법,재무제표 쉽게 보는 법과 분석,howto,tip,재무제표를 올바르게 보는 법을 배우자,slot_2step,2026-06-10T04:35:07.445490+00:00
12-economy-facts-interest-rate-fluctuation-impact,12-economy-facts,12,interest-rate-fluctuation-impact,금리 변동 경제 영향,금리 변동이 경제에 미치는 영향,info,tip,금리 변동이 경제에 미치는 영향을 분석,slot_2step,2026-06-10T04:35:07.445490+00:00
12-economy-facts-investment-portfolio-management,12-economy-facts,12,investment-portfolio-management,투자 포트폴리오 관리,투자 포트폴리오 관리 방법,howto,tip,투자 포트폴리오를 효과적으로 관리하세요.,slot_2step,2026-06-10T04:35:07.445490+00:00
12-economy-facts-real-estate-transaction-process,12-economy-facts,12,real-estate-transaction-process,부동산 매매 절차,부동산 매매 과정과 유의 사항,info,tip,부동산 매매 과정을 알아보고 안전하게 거래하세요.,slot_2step,2026-06-10T04:35:07.445490+00:00
12-economy-facts-stock-investment-strategy,12-economy-facts,12,stock-investment-strategy,주식 투자 전략,성공적인 주식 투자 전략과 노하우,info,tip,주식 투자 전략을 알아보고 투자에 성공하세요.,slot_2step,2026-06-10T04:35:07.445490+00:00
12-economy-facts-tax-saving-tips,12-economy-facts,12,tax-saving-tips,세금 절약 방법,세금 절약 팁과 전략,info,tip,세금을 절약할 수 있는 방법들을 알려드립니다.,slot_2step,2026-06-10T04:35:07.445490+00:00
13-cat-food-comparison-cat-dental-health-food,13-cat-food-comparison,13,cat-dental-health-food,고양이 치아 건강 사료,고양이 치아 건강을 위한 사료 추천,info,tip,고양이 치아 건강을 위한 사료와 관리 방법을 소개합니다.,slot_2step,2026-06-10T04:42:15.178236+00:00
13-cat-food-comparison-cat-dry-food-ingredients,13-cat-food-comparison,13,cat-dry-food-ingredients,고양이 건사료 성분,고양이 건사료 성분 분석,info,tip,고양이 건사료의 주요 성분과 그 중요성,slot_2step,2026-06-10T04:42:15.178236+00:00
13-cat-food-comparison-cat-food-allergy-recommendation,13-cat-food-comparison,13,cat-food-allergy-recommendation,고양이 알레르기 사료 추천,고양이 알레르기 사료 추천 제품,info,tip,고양이 알레르기 사료를 추천해드립니다.,slot_2step,2026-06-10T04:42:15.178236+00:00
13-cat-food-comparison-cat-food-brand-ranking,13-cat-food-comparison,13,cat-food-brand-ranking,고양이 사료 브랜드 순위,고양이 사료 브랜드 순위 비교,info,tip,고양이 사료 브랜드 순위를 비교해드립니다.,slot_2step,2026-06-10T04:42:15.178236+00:00
13-cat-food-comparison-cat-food-company-comparison,13-cat-food-comparison,13,cat-food-company-comparison,고양이 사료 회사,고양이 사료 회사별 특징 비교,compare,tip,고양이 사료 회사별 차이점과 특징을 비교 분석합니다.,slot_2step,2026-06-10T04:42:15.178236+00:00
13-cat-food-comparison-cat-food-feeding-amount,13-cat-food-comparison,13,cat-food-feeding-amount,고양이 사료 급여량,고양이 사료 급여량 계산하는 법,howto,tip,고양이 사료 급여량을 계산하고 관리하는 방법을 알려드립니다.,slot_2step,2026-06-10T04:42:15.178236+00:00
13-cat-food-comparison-cat-food-feeding-amount-calculation,13-cat-food-comparison,13,cat-food-feeding-amount-calculation,고양이 사료 급여량 계산법,고양이 사료 급여량 계산 방법,info,tip,고양이 사료 급여량을 계산하는 방법을 알려드립니다.,slot_2step,2026-06-10T04:42:15.178236+00:00
13-cat-food-comparison-cat-food-high-palatability,13-cat-food-comparison,13,cat-food-high-palatability,고양이 기호성 높은 사료 추천,고양이 기호성 높은 사료 추천 리스트,info,tip,고양이 기호성 높은 사료를 추천해드립니다.,slot_2step,2026-06-10T04:42:15.178236+00:00
13-cat-food-comparison-cat-food-nutrient-analysis,13-cat-food-comparison,13,cat-food-nutrient-analysis,고양이 사료 영양성분 분석,고양이 사료 영양성분 분석 방법,info,tip,고양이 사료의 영양성분을 분석하는 방법을 알려드립니다.,slot_2step,2026-06-10T04:42:15.178236+00:00
13-cat-food-comparison-cat-food-selection-guide,13-cat-food-comparison,13,cat-food-selection-guide,고양이 사료 선택 가이드,고양이 사료 선택 가이드 완벽 정리,info,tip,고양이 사료 선택에 필요한 정보를 제공합니다.,slot_2step,2026-06-10T04:42:15.178236+00:00
13-cat-food-comparison-cat-food-shelf-life,13-cat-food-comparison,13,cat-food-shelf-life,고양이 사료 유통기한,고양이 사료 유통기한 확인하는 법,howto,tip,고양이 사료 유통기한 확인 방법과 보관 팁을 알려드립니다.,slot_2step,2026-06-10T04:42:15.178236+00:00
13-cat-food-comparison-cat-food-storage-method,13-cat-food-comparison,13,cat-food-storage-method,고양이 사료 보관법,고양이 사료 보관 방법 및 팁,howto,tip,고양이 사료 보관 방법을 알려드립니다.,slot_2step,2026-06-10T04:42:15.178236+00:00
13-cat-food-comparison-cat-organic-food-pros-cons,13-cat-food-comparison,13,cat-organic-food-pros-cons,고양이 유기농 사료,고양이 유기농 사료의 장단점 분석,info,tip,고양이 유기농 사료의 장단점과 선택 팁을 제공합니다.,slot_2step,2026-06-10T04:42:15.178236+00:00
13-cat-food-comparison-cat-palatability-test,13-cat-food-comparison,13,cat-palatability-test,고양이 기호성 테스트,고양이 기호성 테스트 방법과 팁,howto,tip,고양이 기호성 테스트 방법과 사료 선택 팁을 제공합니다.,slot_2step,2026-06-10T04:42:15.178236+00:00
13-cat-food-comparison-cat-wet-food-guide,13-cat-food-comparison,13,cat-wet-food-guide,고양이 습식사료 추천,고양이 습식사료 고르는 법,info,tip,고양이에게 좋은 습식사료를 선택하는 방법,slot_2step,2026-06-10T04:42:15.178236+00:00
